;Term;Occurrences;Stopword
france;france;4425;
bce;bce;2360;
fed;fed;1769;
aujourd;aujoud'hui;1675;
ukraine;ukraine;1570;
covid;covid;1543;
europe;europe;1434;
etats;état;1389;
insee;insee;1345;
pib;pib;1022;
er;er;856;
bruno;bruno;809;
etat;état;785;
macron;macron;627;
smic;smic;596;
russie;russie;595;
bercy;bercy;585;
lagarde;lagarde;580;
christine;christine;562;
tandis;tandis;540;
emmanuel;emmanuel;525;
biden;biden;523;
powell;powel;501;
leclerc;leclerc;499;
fmi;fmi;470;
philippe;philippe;469;
tarifaire;tarifaire;420;
françois;françois;418;
afp;afp;414;
espagne;Espagne;399;
jerome;jerome;357;
joe;joe;343;
salariales;salarial;324;
italie;Italie;316;
michel;michel;302;
inflationnistes;inflationniste;301;
tva;tva;281;
jacente;jacent;276;
pme;pme;256;
pdg;pdg;253;
ue;ue;229;
lidl;lidl;223;
street;street;217;
eurostat;eurostat;210;
turquie;turquie;209;
economie;économie;205;
christophe;christophe;195;
cgt;cgt;189;
confinements;confinement;189;
wall;wall;184;
alexandre;alexandre;183;
patrick;patrick;178;
émergents;émergent;176;
paul;paul;176;
nicolas;nicolas;171;
denis;denis;169;
tarifaires;tarifaire;168;
cac;cac;166;
ndlr;ndlr;162;
galhau;galhau;161;
mathieu;mathieu;161;
villeroy;villeroy;161;
bank;bank;160;
intermarché;intermarché;158;
dominique;dominique;156;
erdogan;erdogan;153;
ocde;ocde;151;
auchan;auchan;150;
economics;economics;150;
ofce;ofce;150;
laurent;laurent;148;
bruxelles;bruxelles;147;
ex;ex;147;
grégoire;grégoire;147;
of;of;145;
asie;asie;143;
olivia;olivie;141;
anne;anne;138;
eric;eric;135;
week;week;135;
mdd;mdd;133;
boe;boe;132;
déflation;déflation;132;
renchérissement;rencher;129;
stéphane;stéphane;128;
ores;ore;126;
revalorisations;revalorisation;124;
egalim;egalim;120;
géopolitiques;géopolitique;120;
thierry;thierry;119;
indexés;indexé;118;
ing;ing;118;
bnp;bnp;116;
bompard;bompard;114;
end;end;114;
cœur;cœur;113;
iri;iri;113;
londres;londres;113;
danone;danone;112;
nestlé;nestle;110;
renouvelables;renouvelable;110;
frédéric;frédéric;109;
cfdt;cfdt;108;
lr;lr;108;
the;the;108;
kantar;kantar;107;
paribas;paribas;107;
washington;washington;104;
bretagne;bretagne;103;
vincent;vincent;101;
cpi;cpi;100;
désinflation;désinflation;100;
rhin;rhin;100;
édouard;édouard;99;
luc;luc;99;
surendettement;surendettement;99;
elisabeth;élisabeth;98;
élisabeth;élisabeth;98;
instar;instar;97;
œuvre;œuvre;97;
éric;éric;96;
sébastien;sébastien;96;
mayer;mayer;95;
trump;trump;95;
charles;charles;94;
david;david;93;
grèce;grèce;93;
aldi;aldi;92;
emily;emily;92;
pouget;pouget;92;
jérôme;jérôme;91;
christian;christian;90;
loire;loire;90;
fo;fo;88;
hongrie;hongrie;88;
moscou;moscou;88;
sncf;sncf;88;
edouard;edouard;87;
goulets;goulet;87;
indexées;indexé;87;
afrique;afrique;86;
didier;didier;86;
matignon;matignon;86;
reuters;reuters;86;
medef;medef;85;
lyon;lyon;84;
totalenergies;totalénergies;84;
twitter;twitter;82;
allianz;allianz;81;
ipch;ipch;81;
unilever;unilever;81;
valérie;valerie;81;
amazon;amazon;80;
antoine;antoine;80;
structurelles;structurel;80;
tablent;tabler;80;
edf;edf;79;
sunak;sunak;79;
bertrand;bertrand;78;
gabriel;gabriel;78;
schelcher;schelcher;78;
cheffe;chef;77;
castex;castex;76;
irl;irl;76;
macroéconomique;macroéconomie;76;
nathalie;nathalie;76;
oise;oise;76;
attractivité;attractivité;75;
kg;kg;75;
montpellier;montpellier;75;
made;made;74;
up;up;74;
vladimir;vladimir;74;
artus;artus;73;
pologne;pologne;73;
portugal;portugal;73;
circana;circana;72;
crevel;crevel;72;
surcoûts;surcoût;72;
tpe;tpe;72;
disparités;disparité;71;
ferrand;ferrand;71;
macroéconomiques;macroéconomie;71;
yves;yves;71;
bernard;bernard;70;
aussiinflation;inflation;69;
benoit;benoit;69;
nao;nao;69;
nupes;nupes;69;
rsa;rsa;69;
yellen;yellen;69;
franck;franck;68;
natixis;natixis;68;
intrants;intrant;67;
pce;pce;67;
coronavirus;coronavirus;66;
renault;renault;66;
stellantis;stellantis;66;
tech;tech;66;
bitcoin;bitcoin;65;
isabel;isabel;65;
pepp;pepp;65;
school;school;65;
ehpad;ehpad;64;
ons;on;64;
truss;truss;64;
andré;andré;63;
attal;attal;63;
brent;brent;63;
christopher;christopher;63;
œufs;œuf;63;
pen;pen;63;
rexecode;rexecode;63;
ufc;ufc;63;
aurélie;aurelie;62;
brexit;brexit;62;
donald;donald;62;
impactés;impacté;62;
oxford;oxford;62;
pécresse;pécresse;62;
draghi;draghi;61;
hyperinflation;hyperinflation;61;
renégociations;renégociation;61;
rishi;rishi;61;
schnabel;schnabel;61;
superprofits;superprofit;61;
and;and;60;
janet;janet;60;
john;john;60;
bundesbank;bundesbank;59;
daniel;daniel;59;
ig;ig;59;
urssaf;urssaf;59;
aussil;aussil;58;
biocoop;biocoop;58;
jackson;jackson;58;
philip;philip;58;
descrozaille;descrozaill;57;
dor;dor;57;
ducrozet;ducrozet;57;
echos;échos;57;
hole;hole;57;
act;act;56;
bloomberg;bloomberg;56;
liz;liz;56;
mario;mario;56;
destatis;destatis;55;
emprunteurs;emprunteur;55;
impacte;impacter;55;
nielseniq;nielseniq;55;
priori;priori;55;
volcker;volcker;55;
boj;boj;54;
marseille;marseille;54;
mélenchon;mélenchon;54;
recep;recep;54;
toulouse;toulouse;54;
frederik;frederik;53;
pge;pge;53;
tayyip;tayyip;53;
andrew;andrew;52;
eti;eti;52;
funds;fund;52;
m²;m²;52;
silbert;silbert;52;
creyssel;creyssel;51;
king;king;51;
lille;lille;51;
low;low;51;
pyrénées;pyrénées;51;
rhône;rhône;51;
summers;summer;51;
fr;fr;50;
georgieva;georgieva;50;
ludovic;ludovic;50;
mexique;Mexique;50;
agroalimentaires;agroalimentaire;49;
bfm;bfm;49;
boris;boris;49;
catherine;catherine;49;
ifop;ifop;49;
jones;jones;49;
laurence;laurence;49;
nancy;nancy;49;
pictet;pictet;49;
apple;apple;48;
asset;asset;48;
istanbul;istanbul;48;
johnson;johnson;48;
kristalina;kristalin;48;
mobilités;mobilité;48;
start;start;48;
ania;ania;47;
arnaud;arnaud;47;
buenos;buenos;47;
calignon;calignon;47;
cryptomonnaies;cryptomonnaie;47;
discounters;discounter;47;
idfm;idfm;47;
tablaient;tabler;47;
tablait;tabler;47;
alsif;alsif;46;
bailey;bailey;46;
blanchard;blanchard;46;
désendettement;désendettement;46;
dow;dow;46;
fabien;fabien;46;
ipc;ipc;46;
lane;lane;46;
assai;assai;45;
brzeski;brzeski;45;
decathlon;decathlon;45;
estonie;estonie;45;
gourinchas;gourinch;45;
ile;ile;45;
manœuvre;manœuvre;45;
scpi;scpi;45;
btp;btp;44;
carsten;carsten;44;
cécile;cécile;44;
cpme;cpme;44;
credit;credit;44;
environnementales;environnemental;44;
henri;henri;44;
reduction;réduction;44;
rn;rn;44;
agnès;agnes;43;
am;am;43;
ccas;ccas;43;
friday;friday;43;
ine;ine;43;
lep;lep;43;
lvmh;lvmh;43;
madrid;madrid;43;
market;market;43;
opinionway;opinionway;43;
scholz;scholz;43;
times;tim;43;
dares;dar;42;
geoffroy;geoffroy;42;
goldman;goldman;42;
joachim;joachim;42;
lfi;lfi;42;
sachs;sachs;42;
unef;unef;42;
yvelines;yvelines;42;
cost;cost;41;
delphine;delphine;41;
dotations;dotation;41;
engie;engie;41;
fur;fur;41;
jo;jo;41;
research;research;41;
cédric;cédric;40;
egypte;egypte;40;
financial;financial;40;
impacté;impacté;40;
irlande;Irlande;40;
larry;larry;40;
matthieu;matthieu;40;
provence;provence;40;
institute;institut;39;
mds;mds;39;
stéphanie;stéphanie;39;
décarbonation;décarbonation;38;
dussopt;dussopt;38;
fnac;fnac;38;
food;food;38;
foodwatch;foodwatch;38;
garonne;garonne;38;
luxembourg;luxembourg;38;
milei;milei;38;
nagel;nagel;38;
opep;opep;38;
simon;simon;38;
svb;svb;38;
apl;apl;37;
bouygues;bouygues;37;
cfe;cfe;37;
fnsea;fnse;37;
laure;laure;37;
nielsen;nielsen;37;
obama;obama;37;
olaf;olaf;37;
power;power;37;
quo;quo;37;
revalorisées;revalorisé;37;
salarial;salarial;37;
tgv;tgv;37;
bénéficieront;bénéficier;36;
bfmtv;bfmtv;36;
cftc;cftc;36;
cgc;cgc;36;
emblée;emblée;36;
fomc;fomc;36;
friedman;friedman;36;
ldds;ldd;36;
odile;odile;36;
omc;omc;36;
pakistan;pakistan;36;
procos;procos;36;
ps;ps;36;
shrinkflation;shrinkflation;36;
bios;bios;35;
deutsche;deutsche;35;
el;el;35;
fao;fao;35;
fast;fast;35;
harvard;harvard;35;
ii;ii;35;
mnla;mnla;35;
plichon;plichon;35;
pricing;pricing;35;
statu;statu;35;
victor;victor;35;
america;america;34;
bézieux;bézieux;34;
camille;camille;34;
cvae;cva;34;
elysée;elysée;34;
facto;facto;34;
franciliens;francilien;34;
hunt;hunt;34;
javier;javier;34;
jeremy;jeremy;34;
lituanie;lituanie;34;
milton;milton;34;
morgan;morgan;34;
ong;ong;34;
oréal;oréal;34;
panéliste;paneliste;34;
pb;pb;34;
statisticiens;statisticien;34;
valorisations;valorisation;34;
agirc;agirc;33;
arrco;arrco;33;
bpce;bpce;33;
conjoncturelle;conjoncturel;33;
déconsommation;déconsommation;33;
dembik;dembik;33;
facebook;facebook;33;
franceinfo;franceinfo;33;
hélène;hélene;33;
iframe;iframe;33;
iran;iran;33;
moëc;moëc;33;
partenariats;partenariat;33;
patrice;patrice;33;
pcf;pcf;33;
sanchez;sanchez;33;
tokyo;tokyo;33;
tv;tv;33;
app;app;32;
argentiers;argentier;32;
auch;auch;32;
bersinger;bersinger;32;
colliac;colliac;32;
darty;darty;32;
émergentes;émerger;32;
google;google;32;
intersyndicale;intersyndical;32;
jonathan;jonathan;32;
nantes;nantes;32;
plf;plf;32;
prévisionnistes;prévisionniste;32;
annualisé;annualisé;31;
barclays;barclays;31;
brest;brest;31;
céline;céline;31;
contrario;contrario;31;
crous;crous;31;
damien;damien;31;
encontre;encontre;31;
fcd;fcd;31;
garnier;garnier;31;
heyer;heyer;31;
leroy;leroy;31;
manufacturier;manufacturier;31;
oat;oat;31;
occitanie;occitanie;31;
peter;peter;31;
phillips;phillips;31;
po;po;31;
quelqu;quelqu;31;
alexis;alexis;30;
anticipaient;anticiper;30;
aussila;aussi;30;
blog;blog;30;
cma;cma;30;
cyril;cyril;30;
financées;financé;30;
furman;furman;30;
im;im;30;
joël;joël;30;
lebelle;lebelle;30;
oddo;oddo;30;
plateformes;plateforme;30;
rectificative;rectificatif;30;
tf;tf;30;
trade;trade;30;
vendée;vendée;30;
vinted;vinted;30;
von;von;30;
acté;acté;29;
australie;australie;29;
beaune;beaune;29;
conjoncturel;conjoncturel;29;
davos;davos;29;
deloitte;deloitt;29;
essonne;essonne;29;
exonérations;exonération;29;
fhf;fhf;29;
good;good;29;
israël;israël;29;
james;james;29;
lhh;lhh;29;
lindner;lindner;29;
metall;metall;29;
mobilisations;mobilisation;29;
nadia;nadia;29;
navigo;navigo;29;
nobel;nobel;29;
petrobras;petrobras;29;
relocalisation;relocalisation;29;
sri;sri;29;
strasbourg;strasbourg;29;
waechter;waechter;29;
yann;yann;29;
armor;armor;28;
autriche;Autriche;28;
bns;bns;28;
cloud;cloud;28;
cyrille;cyrille;28;
fage;fage;28;
gmt;gmt;28;
lambert;lambert;28;
leyen;leyen;28;
malte;malte;28;
mix;mix;28;
morbihan;morbihan;28;
normandie;normandie;28;
norvège;norvège;28;
ostrum;ostrum;28;
pedro;pedro;28;
rmc;rmc;28;
roch;roch;28;
roger;roger;28;
roland;roland;28;
rome;rome;28;
rtl;rtl;28;
sandrine;sandrine;28;
airbnb;airbnb;27;
amf;amf;27;
bpifrance;bpifrance;27;
conjoncturelles;conjoncturel;27;
cumulée;cumulé;27;
dauvers;dauvers;27;
dgccrf;dgccrf;27;
floch;floch;27;
fsu;fsu;27;
gfk;gfk;27;
gouverneure;gouverneur;27;
gpa;gpa;27;
guy;guy;27;
moody;moody;27;
orban;orban;27;
rer;rer;27;
san;san;27;
savoie;savoie;27;
soutenabilité;soutenabilité;27;
aix;aix;26;
anxiogène;anxiogène;26;
associatif;associatif;26;
aussibce;bce;26;
elior;elior;26;
fabrice;fabrice;26;
fitch;fitch;26;
franprix;franprix;26;
free;free;26;
gentiloni;gentiloni;26;
goetzmann;goetzmann;26;
grégory;grégory;26;
hlm;hlm;26;
jason;jason;26;
lactalis;lactalis;26;
mégawattheure;mégawattheure;26;
michael;michael;26;
netflix;netflix;26;
raul;raul;26;
récessions;récession;26;
roussel;roussel;26;
silicon;silicon;26;
ubs;ub;26;
valley;valley;26;
aquitaine;aquitaine;25;
baradez;baradez;25;
cojop;cojop;25;
décéléré;décéleré;25;
digitalisation;digitalisation;25;
easing;easing;25;
energie;energie;25;
fabio;fabio;25;
finistère;finistère;25;
françoise;françoise;25;
gaëlle;gaëlle;25;
hsbc;hsbc;25;
hypers;hyper;25;
ipsos;ipsos;25;
lanka;lanka;25;
lettonie;lettonie;25;
photovoltaïques;photovoltaïque;25;
ratp;ratp;25;
rbi;rbi;25;
spreads;spreads;25;
tunisie;tunisie;25;
ursula;ursula;25;
waller;waller;25;
wealth;wealth;25;
yannick;yannick;25;
accédants;accedant;24;
alberto;alberto;24;
amélie;amelie;24;
asterès;asterès;24;
atacadao;atacadao;24;
bert;bert;24;
big;big;24;
cepii;cepii;24;
coface;coface;24;
cotillard;cotillard;24;
csf;csf;24;
drh;drh;24;
énergivores;énergivore;24;
frank;frank;24;
hervé;hervé;24;
ieseg;ieseg;24;
ikea;ike;24;
incitations;incitation;24;
karl;karl;24;
loïc;loïc;24;
marion;marion;24;
nigeria;nigeria;24;
œil;œil;24;
pisani;pisana;24;
raphaël;raphaël;24;
relocalisations;relocalisation;24;
revalorisés;revalorisé;24;
stokomani;stokomani;24;
subran;subran;24;
swift;swift;24;
volkswagen;volkswagen;24;
arino;arino;23;
attractives;attractif;23;
cci;cci;23;
crédoc;crédoc;23;
défiscalisée;défiscalisé;23;
downing;downing;23;
etienne;etienne;23;
harris;harris;23;
impactées;impacté;23;
intercommunalités;intercommunalité;23;
jens;jens;23;
julie;julie;23;
lionel;lionel;23;
mans;mans;23;
manufacturière;manufacturier;23;
mwh;mwh;23;
nanterre;nanterre;23;
résilient;résilient;23;
retail;retail;23;
sampognaro;sampognaro;23;
shanghai;shanghai;23;
think;think;23;
wyoming;wyoming;23;
albert;albert;22;
arabie;arabie;22;
barack;barack;22;
belfort;belfort;22;
besançon;besançon;22;
christiane;christiane;22;
clinton;clinton;22;
discounter;discounter;22;
ducrocq;ducrocq;22;
édile;édile;22;
etf;etf;22;
factset;factset;22;
georges;georges;22;
gérald;gérald;22;
gérard;gérard;22;
jay;jay;22;
knot;knot;22;
lorient;lorient;22;
microsoft;microsoft;22;
mondelez;mondelez;22;
netto;netto;22;
onu;onu;22;
quid;quid;22;
réassurance;réassurance;22;
russo;russo;22;
sfr;sfr;22;
smartphone;smartphone;22;
tl;tl;22;
yo;yo;22;
zimbabwe;zimbabwe;22;
akp;akp;21;
aussile;aussi;21;
chantal;chantal;21;
chartier;chartier;21;
clotilde;clotilde;21;
éco;éco;21;
emmaüs;emmaüs;21;
énergéticiens;énergéticien;21;
fourquet;fourquet;21;
gaspi;gasp;21;
hcfp;hcfp;21;
hugo;hugo;21;
ifo;ifo;21;
inégalitaire;inégalitaire;21;
iphone;iphone;21;
léa;léa;21;
maroc;maroc;21;
michelin;michelin;21;
npd;npd;21;
nutella;nutella;21;
pmi;pmi;21;
recrutements;recrutement;21;
reserve;reserve;21;
rolland;rolland;21;
roumanie;roumanie;21;
sarah;sarah;21;
sarkozy;sarkozy;21;
sodexo;sodexo;21;
tassel;tassel;21;
versailles;versailles;21;
xixe;xixe;21;
aop;aop;20;
bhf;bhf;20;
cio;cio;20;
cnbc;cnbc;20;
cnrs;cnr;20;
conjoncturels;conjoncturel;20;
conjoncturistes;conjoncturiste;20;
corée;corée;20;
désinflationniste;désinflationniste;20;
durand;durand;20;
eco;eco;20;
economic;economic;20;
edenred;edenred;20;
emmanuelle;emmanuelle;20;
exogènes;exogène;20;
fernandez;fernandez;20;
florent;florent;20;
gayraud;gayraud;20;
hébel;hébel;20;
high;high;20;
ille;ille;20;
intercommunalité;intercommunalité;20;
investment;investment;20;
malo;malo;20;
meta;meta;20;
mninflation;inflation;20;
moselle;moselle;20;
partners;partners;20;
pepsico;pepsico;20;
prospectives;prospectives;20;
rungis;rungis;20;
securities;securities;20;
ségur;ségur;20;
sintra;sintra;20;
solideo;solideo;20;
spread;spread;20;
tarn;tarn;20;
texas;texas;20;
umih;umih;20;
vérier;vérier;20;
adn;adn;19;
adrien;adrien;19;
alstom;alstom;19;
arthur;arthur;19;
aussipour;aussipour;19;
copropriétés;copropriétés;19;
cryptos;cryptos;19;
csa;csa;19;
cumulent;cumulent;19;
émilie;émilie;19;
ends;ends;19;
fcpe;fcpe;19;
figeac;figeac;19;
frédérique;frédérique;19;
giorgia;giorgia;19;
hérault;hérault;19;
ir;ir;19;
is;is;19;
kastler;kastler;19;
keynes;keynes;19;
led;led;19;
maine;maine;19;
med;med;19;
meyer;meyer;19;
mitterrand;mitterrand;19;
modi;modi;19;
pass;pass;19;
peterson;peterson;19;
quéré;quéré;19;
samuel;samuel;19;
saône;saône;19;
slovaquie;slovaquie;19;
smartphones;smartphones;19;
tiny;tiny;19;
treasuries;treasuries;19;
unsa;unsa;19;
véran;véran;19;
walmart;walmart;19;
worldpanel;worldpanel;19;
adam;adam;18;
anglo;anglo;18;
aurélien;aurélien;18;
aussihausse;aussihausse;18;
bénédicte;bénédicte;18;
better;better;18;
bund;bund;18;
carlos;carlos;18;
core;core;18;
csg;csg;18;
delhi;delhi;18;
démondialisation;démondialisation;18;
deniz;deniz;18;
égypte;égypte;18;
fabienne;fabienne;18;
gaudens;gaudens;18;
guindos;guindos;18;
ht;ht;18;
impacter;impacter;18;
kiev;kiev;18;
laëtitia;laëtitia;18;
lindt;lindt;18;
patricia;patricia;18;
plfr;plfr;18;
price;price;18;
prou;prou;18;
réassureurs;réassureurs;18;
refinancer;refinancer;18;
rémy;rémy;18;
résiliente;résiliente;18;
sandra;sandra;18;
sergio;sergio;18;
subprimes;subprimes;18;
surprofits;surprofits;18;
toyota;toyota;18;
unpi;unpi;18;
vinci;vinci;18;
yon;yon;18;
al;al;17;
angers;angers;17;
antigaspi;antigaspi;17;
appli;appli;17;
asf;asf;17;
aude;aude;17;
build;build;17;
cdc;cdc;17;
charente;charente;17;
ciblant;ciblant;17;
darmanin;darmanin;17;
darmet;darmet;17;
décollecte;décollecte;17;
ecalle;ecalle;17;
ecole;ecole;17;
facts;facts;17;
finlande;finlande;17;
gaël;gaël;17;
gers;gers;17;
ilec;ilec;17;
juliette;juliette;17;
labellisés;labellisés;17;
laura;laura;17;
locatifs;locatifs;17;
lrem;lrem;17;
mayenne;mayenne;17;
mecachrome;mecachrome;17;
melun;melun;17;
merkel;merkel;17;
money;money;17;
montreuil;montreuil;17;
nicole;nicole;17;
odier;odier;17;
pay;pay;17;
pierrick;pierrick;17;
revalorisée;revalorisée;17;
sanofi;sanofi;17;
stefan;stefan;17;
telecom;telecom;17;
trading;trading;17;
uc;uc;17;
venezuela;venezuela;17;
agen;agen;16;
ali;ali;16;
anthony;anthony;16;
antonio;antonio;16;
ariège;ariège;16;
aveyron;aveyron;16;
biero;biero;16;
brainard;brainard;16;
brigitte;brigitte;16;
cashback;cashback;16;
cgm;cgm;16;
champeil;champeil;16;
cnn;cnn;16;
compétitives;compétitives;16;
compositrices;compositrices;16;
décélère;décélère;16;
douret;douret;16;
énergivore;énergivore;16;
étienne;étienne;16;
ffb;ffb;16;
ford;ford;16;
francilien;francilien;16;
gamble;gamble;16;
groupama;groupama;16;
gueydon;gueydon;16;
ipp;ipp;16;
jaurès;jaurès;16;
kering;kering;16;
kwh;kwh;16;
lael;lael;16;
lannion;lannion;16;
lci;lci;16;
leboncoin;leboncoin;16;
loa;loa;16;
lucie;lucie;16;
lula;lula;16;
marx;marx;16;
meloni;meloni;16;
muriel;muriel;16;
neoma;neoma;16;
pap;pap;16;
park;park;16;
pénalisées;pénalisées;16;
pouyanné;pouyanné;16;
procter;procter;16;
project;project;16;
qe;qe;16;
réindustrialisation;réindustrialisation;16;
rosenthal;rosenthal;16;
rtt;rtt;16;
sarthe;sarthe;16;
statistics;statistics;16;
stiglitz;stiglitz;16;
stream;stream;16;
thales;thales;16;
tltro;tltro;16;
tony;tony;16;
uber;uber;16;
ünal;ünal;16;
verdeau;verdeau;16;
viktor;viktor;16;
villeneuve;villeneuve;16;
vœux;vœux;16;
vulnérabilités;vulnérabilités;16;
wti;wti;16;
xxe;xxe;16;
yield;yield;16;
ad;ad;15;
alsace;alsace;15;
ankara;ankara;15;
aussien;aussien;15;
bitcoins;bitcoins;15;
bolsonaro;bolsonaro;15;
braun;braun;15;
bruegel;bruegel;15;
bulgarie;bulgarie;15;
cfd;cfd;15;
chirac;chirac;15;
déciles;déciles;15;
désindexation;désindexation;15;
elabe;elabe;15;
emma;emma;15;
enag;enag;15;
fipeco;fipeco;15;
foundation;foundation;15;
francis;francis;15;
gard;gard;15;
gita;gita;15;
globales;globales;15;
gnl;gnl;15;
gopinath;gopinath;15;
grenoble;grenoble;15;
hamas;hamas;15;
hébergements;hébergements;15;
heineken;heineken;15;
hubert;hubert;15;
iii;iii;15;
innovantes;innovantes;15;
jaravel;jaravel;15;
josé;josé;15;
kiabi;kiabi;15;
klaas;klaas;15;
liban;liban;15;
macif;macif;15;
minimas;minimas;15;
monétisation;monétisation;15;
monique;monique;15;
naturalia;naturalia;15;
périgueux;périgueux;15;
policy;policy;15;
ppi;ppi;15;
quentin;quentin;15;
ricard;ricard;15;
schneider;schneider;15;
séverine;séverine;15;
shirts;shirts;15;
shopmium;shopmium;15;
simsek;simsek;15;
smb;smb;15;
sœur;sœur;15;
stanislas;stanislas;15;
surréagir;surréagir;15;
suv;suv;15;
tapering;tapering;15;
téhéran;téhéran;15;
thatcher;thatcher;15;
verdissement;verdissement;15;
vitry;vitry;15;
weidmann;weidmann;15;
yohann;yohann;15;
alan;alan;14;
albi;albi;14;
alixpartners;alixpartners;14;
artificialisation;artificialisation;14;
audrey;audrey;14;
bild;bild;14;
blablacar;blablacar;14;
bls;bls;14;
brothers;brothers;14;
cazenave;cazenave;14;
chipoy;chipoy;14;
christelle;christelle;14;
clermont;clermont;14;
cofidis;cofidis;14;
défiscalisation;défiscalisation;14;
dgf;dgf;14;
diaz;diaz;14;
dordogne;dordogne;14;
doubs;doubs;14;
echiquier;echiquier;14;
électroménagers;électroménagers;14;
elizabeth;elizabeth;14;
équipementiers;équipementiers;14;
erkan;erkan;14;
evidemment;evidemment;14;
exposants;exposants;14;
feuerstein;feuerstein;14;
florian;florian;14;
fnaim;fnaim;14;
fortuneo;fortuneo;14;
génèrent;génèrent;14;
hedge;hedge;14;
huet;huet;14;
impactée;impactée;14;
imran;imran;14;
ingrid;ingrid;14;
interprofessionnel;interprofessionnel;14;
isf;isf;14;
jan;jan;14;
jeanne;jeanne;14;
johan;johan;14;
karine;karine;14;
krugman;krugman;14;
laval;laval;14;
leroux;leroux;14;
lô;lô;14;
maastricht;maastricht;14;
macsf;macsf;14;
mehmet;mehmet;14;
michèle;michèle;14;
musk;musk;14;
name;name;14;
œuf;œuf;14;
pandémique;pandémique;14;
paulo;paulo;14;
peugeot;peugeot;14;
plafonnés;plafonnés;14;
plfss;plfss;14;
politologue;politologue;14;
reagan;reagan;14;
reconditionnés;reconditionnés;14;
rémi;rémi;14;
rémunérée;rémunérée;14;
resolution;resolution;14;
sephora;sephora;14;
simpl;simpl;14;
so;so;14;
sodiaal;sodiaal;14;
startup;startup;14;
thaïlande;thaïlande;14;
tisséo;tisséo;14;
trichet;trichet;14;
tunis;tunis;14;
tweet;tweet;14;
unitaires;unitaires;14;
veolia;veolia;14;
affrique;affrique;13;
alice;alice;13;
allen;allen;13;
anna;anna;13;
astérix;astérix;13;
bapif;bapif;13;
bbc;bbc;13;
bcr;bcr;13;
bdo;bdo;13;
boursorama;boursorama;13;
buy;buy;13;
cae;cae;13;
camizon;camizon;13;
cathy;cathy;13;
cdi;cdi;13;
chevée;chevée;13;
chloé;chloé;13;
cl;cl;13;
cojo;cojo;13;
colijn;colijn;13;
drouin;drouin;13;
ème;ème;13;
festifs;festifs;13;
fevad;fevad;13;
foods;foods;13;
franciliennes;franciliennes;13;
gaye;gaye;13;
general;general;13;
george;george;13;
gregory;gregory;13;
harmonisées;harmonisées;13;
hoibian;hoibian;13;
iéseg;iéseg;13;
inflations;inflations;13;
jdd;jdd;13;
labor;labor;13;
lehman;lehman;13;
liabeuf;liabeuf;13;
lisa;lisa;13;
lisbonne;lisbonne;13;
lld;lld;13;
lsa;lsa;13;
macedo;macedo;13;
macronie;macronie;13;
manon;manon;13;
markets;markets;13;
maurice;maurice;13;
mercer;mercer;13;
meurthe;meurthe;13;
montauban;montauban;13;
morin;morin;13;
msa;msa;13;
mulliez;mulliez;13;
myriam;myriam;13;
nadine;nadine;13;
olonne;olonne;13;
panorabanques;panorabanques;13;
pénalisent;pénalisent;13;
poor;poor;13;
préengagées;préengagées;13;
primark;primark;13;
protectionnistes;protectionnistes;13;
protourisme;protourisme;13;
qatar;qatar;13;
ratios;ratios;13;
rémunérant;rémunérant;13;
ricardo;ricardo;13;
ronne;ronne;13;
shame;shame;13;
swiss;swiss;13;
syndicate;syndicate;13;
too;too;13;
ttc;ttc;13;
tutt;tutt;13;
varsovie;varsovie;13;
virgile;virgile;13;
xerfi;xerfi;13;
xi;xi;13;
zemmour;zemmour;13;
aah;aah;12;
actée;actée;12;
ademe;ademe;12;
american;american;12;
andy;andy;12;
angel;angel;12;
angela;angela;12;
annie;annie;12;
arbitrent;arbitrent;12;
atlanta;atlanta;12;
aussiles;aussiles;12;
aussiroyaume;aussiroyaume;12;
aussiune;aussiune;12;
autrice;autrice;12;
baissière;baissière;12;
barraud;barraud;12;
basildon;basildon;12;
bastien;bastien;12;
besnier;besnier;12;
beyrouth;beyrouth;12;
blackrock;blackrock;12;
bœuf;bœuf;12;
bonduelle;bonduelle;12;
carhaix;carhaix;12;
cdiscount;cdiscount;12;
center;center;12;
chicago;chicago;12;
chocolatiers;chocolatiers;12;
college;college;12;
coluche;coluche;12;
commerzbank;commerzbank;12;
cook;cook;12;
corinne;corinne;12;
cse;cse;12;
dax;dax;12;
décarboner;décarboner;12;
déconfinement;déconfinement;12;
désendetter;désendetter;12;
disney;disney;12;
dove;dove;12;
elon;elon;12;
energy;energy;12;
epargne;epargne;12;
estelle;estelle;12;
euler;euler;12;
exonérés;exonérés;12;
faurecia;faurecia;12;
fesneau;fesneau;12;
first;first;12;
géraldine;géraldine;12;
girard;girard;12;
glaneurs;glaneurs;12;
gobain;gobain;12;
hafize;hafize;12;
hermes;hermes;12;
inabordables;inabordables;12;
incompressibles;incompressibles;12;
iq;iq;12;
isère;isère;12;
jacentes;jacentes;12;
jair;jair;12;
jefferson;jefferson;12;
jorge;jorge;12;
josée;josée;12;
jpmorgan;jpmorgan;12;
lcl;lcl;12;
lefebvre;lefebvre;12;
lévy;lévy;12;
life;life;12;
lolivier;lolivier;12;
london;london;12;
malpass;malpass;12;
metz;metz;12;
michaël;michaël;12;
mirabaud;mirabaud;12;
mnpouvoir;mnpouvoir;12;
montaigne;montaigne;12;
ondam;ondam;12;
oney;oney;12;
panetta;panetta;12;
pérenniser;pérenniser;12;
red;red;12;
réinvestissements;réinvestissements;12;
ressourcerie;ressourcerie;12;
restrictifs;restrictifs;12;
reynolds;reynolds;12;
rh;rh;12;
rodez;rodez;12;
rodolphe;rodolphe;12;
rosstat;rosstat;12;
roubaix;roubaix;12;
ryanair;ryanair;12;
shirt;shirt;12;
silva;silva;12;
smi;smi;12;
syndex;syndex;12;
taïwan;taïwan;12;
touati;touati;12;
valorisées;valorisées;12;
vietnam;vietnam;12;
warren;warren;12;
xvi;xvi;12;
zeitung;zeitung;12;
zélande;zélande;12;
abstentions;abstentions;11;
afd;afd;11;
afer;afer;11;
annick;annick;11;
ariel;ariel;11;
athènes;athènes;11;
aussicrise;aussicrise;11;
aussietats;aussietats;11;
aussizone;aussizone;11;
autoentrepreneurs;autoentrepreneurs;11;
béatrice;béatrice;11;
béchu;béchu;11;
bergé;bergé;11;
boulogne;boulogne;11;
caire;caire;11;
call;call;11;
capitalisations;capitalisations;11;
carmignac;carmignac;11;
carnot;carnot;11;
chaar;chaar;11;
champier;champier;11;
chéron;chéron;11;
ciblent;ciblent;11;
clara;clara;11;
clcv;clcv;11;
cohen;cohen;11;
colombie;colombie;11;
contreparties;contreparties;11;
credoc;credoc;11;
cumulées;cumulées;11;
dacia;dacia;11;
dassault;dassault;11;
décarbonée;décarbonée;11;
défiscalisées;défiscalisées;11;
désindustrialisation;désindustrialisation;11;
di;di;11;
domofrance;domofrance;11;
dorioz;dorioz;11;
ebitda;ebitda;11;
economist;economist;11;
eelv;eelv;11;
erwan;erwan;11;
etam;etam;11;
etant;etant;11;
exonérée;exonérée;11;
faure;faure;11;
fillon;fillon;11;
flow;flow;11;
forvia;forvia;11;
forward;forward;11;
fractionnés;fractionnés;11;
fragilisées;fragilisées;11;
fumio;fumio;11;
gault;gault;11;
gazprom;gazprom;11;
générées;générées;11;
giscard;giscard;11;
impactent;impactent;11;
indre;indre;11;
instagram;instagram;11;
intercités;intercités;11;
it;it;11;
kiliçdaroglu;kiliçdaroglu;11;
kishida;kishida;11;
kuroda;kuroda;11;
lavazza;lavazza;11;
lenzing;lenzing;11;
lucas;lucas;11;
luna;luna;11;
malakoff;malakoff;11;
massachusetts;massachusetts;11;
maurin;maurin;11;
mcdonald;mcdonald;11;
michelle;michelle;11;
michigan;michigan;11;
mkg;mkg;11;
mnl;mnl;11;
moneyvox;moneyvox;11;
montbéliard;montbéliard;11;
naouri;naouri;11;
narendra;narendra;11;
network;network;11;
noz;noz;11;
panzani;panzani;11;
pellets;pellets;11;
pelouzet;pelouzet;11;
pénibilité;pénibilité;11;
pepa;pepa;11;
per;per;11;
plassard;plassard;11;
pp;pp;11;
promotionnels;promotionnels;11;
purina;purina;11;
raffineurs;raffineurs;11;
renégocié;renégocié;11;
resserrements;resserrements;11;
retailleau;retailleau;11;
ronald;ronald;11;
rouen;rouen;11;
sabrina;sabrina;11;
sam;sam;11;
samy;samy;11;
sonia;sonia;11;
spf;spf;11;
stephen;stephen;11;
streaming;streaming;11;
superéthanol;superéthanol;11;
taylor;taylor;11;
timothy;timothy;11;
toul;toul;11;
valeo;valeo;11;
vanessa;vanessa;11;
végétalisation;végétalisation;11;
vijlder;vijlder;11;
vosges;vosges;11;
walsh;walsh;11;
willie;willie;11;
world;world;11;
yolanda;yolanda;11;
yougov;yougov;11;
youtube;youtube;11;
zan;zan;11;
zara;zara;11;
afghanistan;afghanistan;10;
aft;aft;10;
alixio;alixio;10;
aussipourquoi;aussipourquoi;10;
aussitaux;aussitaux;10;
axelle;axelle;10;
benassy;benassy;10;
bihan;bihan;10;
blois;blois;10;
bonial;bonial;10;
boomers;boomers;10;
brieuc;brieuc;10;
caen;caen;10;
caffet;caffet;10;
candriam;candriam;10;
capeb;capeb;10;
cartier;cartier;10;
cetelem;cetelem;10;
chris;chris;10;
citigroup;citigroup;10;
cme;cme;10;
cnr;cnr;10;
commercialise;commercialise;10;
croo;croo;10;
csp;csp;10;
cuba;cuba;10;
daco;daco;10;
daniela;daniela;10;
davina;davina;10;
décote;décote;10;
défiscalisés;défiscalisés;10;
del;del;10;
délocalisations;délocalisations;10;
denormandie;denormandie;10;
déo;déo;10;
dgfip;dgfip;10;
dioclétien;dioclétien;10;
dvd;dvd;10;
ebuyclub;ebuyclub;10;
élodie;élodie;10;
elvira;elvira;10;
equinix;equinix;10;
esg;esg;10;
essec;essec;10;
eurosystème;eurosystème;10;
ey;ey;10;
fdj;fdj;10;
federal;federal;10;
festivaliers;festivaliers;10;
fintech;fintech;10;
fleury;fleury;10;
focalisée;focalisée;10;
fortiori;fortiori;10;
francisco;francisco;10;
gafa;gafa;10;
garcia;garcia;10;
gennevilliers;gennevilliers;10;
glen;glen;10;
grant;grant;10;
habeck;habeck;10;
havelaar;havelaar;10;
hétérodoxe;hétérodoxe;10;
hiault;hiault;10;
ifw;ifw;10;
indexant;indexant;10;
injectées;injectées;10;
jimmy;jimmy;10;
jousseaume;jousseaume;10;
kacimi;kacimi;10;
kenningham;kenningham;10;
kevin;kevin;10;
kiri;kiri;10;
klein;klein;10;
legrand;legrand;10;
libellés;libellés;10;
linkedin;linkedin;10;
louise;louise;10;
manchin;manchin;10;
marcilly;marcilly;10;
médiathèque;médiathèque;10;
millau;millau;10;
mireille;mireille;10;
mohamed;mohamed;10;
montchalin;montchalin;10;
nessim;nessim;10;
nutri;nutri;10;
pêle;pêle;10;
perret;perret;10;
pinel;pinel;10;
polluantes;polluantes;10;
prévert;prévert;10;
psoe;psoe;10;
purchase;purchase;10;
quintile;quintile;10;
rd;rd;10;
recyclerie;recyclerie;10;
rio;rio;10;
roissy;roissy;10;
rollin;rollin;10;
rse;rse;10;
ruralité;ruralité;10;
semestriels;semestriels;10;
sine;sine;10;
smith;smith;10;
sony;sony;10;
soutenables;soutenables;10;
spd;spd;10;
stanley;stanley;10;
steven;steven;10;
studies;studies;10;
tiktok;tiktok;10;
torrollion;torrollion;10;
tourdjman;tourdjman;10;
tuc;tuc;10;
variants;variants;10;
verdun;verdun;10;
vi;vi;10;
vidal;vidal;10;
actées;actées;9;
aït;aït;9;
alexander;alexander;9;
alexia;alexia;9;
amiens;amiens;9;
amsterdam;amsterdam;9;
amundi;amundi;9;
analytics;analytics;9;
angeles;angeles;9;
annabelle;annabelle;9;
appliqueront;appliqueront;9;
applis;applis;9;
argedis;argedis;9;
asselin;asselin;9;
aulnay;aulnay;9;
aussiturquie;aussiturquie;9;
azotés;azotés;9;
balboni;balboni;9;
bâle;bâle;9;
barilla;barilla;9;
basile;basile;9;
berenberg;berenberg;9;
bourdil;bourdil;9;
brian;brian;9;
budapest;budapest;9;
calviño;calviño;9;
carcassonne;carcassonne;9;
cdd;cdd;9;
cepremap;cepremap;9;
cergy;cergy;9;
cholet;cholet;9;
citi;citi;9;
cnews;cnews;9;
collaboratif;collaboratif;9;
confédérale;confédérale;9;
cougard;cougard;9;
courson;courson;9;
cp;cp;9;
debar;debar;9;
discounteurs;discounteurs;9;
dr;dr;9;
dsf;dsf;9;
dublin;dublin;9;
dumont;dumont;9;
dupont;dupont;9;
duval;duval;9;
écoresponsable;écoresponsable;9;
équipementier;équipementier;9;
equity;equity;9;
estaing;estaing;9;
eure;eure;9;
european;european;9;
fabre;fabre;9;
faivre;faivre;9;
fitoussi;fitoussi;9;
floride;floride;9;
fnab;fnab;9;
ftse;ftse;9;
grosso;grosso;9;
guérin;guérin;9;
guyot;guyot;9;
haruhiko;haruhiko;9;
ifi;ifi;9;
igf;igf;9;
indonésie;indonésie;9;
jamie;jamie;9;
jennifer;jennifer;9;
jérémy;jérémy;9;
jinping;jinping;9;
jp;jp;9;
kammer;kammer;9;
kazakhstan;kazakhstan;9;
kenneth;kenneth;9;
keynésienne;keynésienne;9;
labeyrie;labeyrie;9;
légumineuses;légumineuses;9;
lydia;lydia;9;
macri;macri;9;
macronistes;macronistes;9;
manchester;manchester;9;
mathilde;mathilde;9;
mauricio;mauricio;9;
médico;médico;9;
mehdi;mehdi;9;
mnukraine;mnukraine;9;
monétaristes;monétaristes;9;
motors;motors;9;
mugabe;mugabe;9;
mutualiser;mutualiser;9;
nadège;nadège;9;
nahel;nahel;9;
nixon;nixon;9;
no;no;9;
nobile;nobile;9;
nomura;nomura;9;
nourat;nourat;9;
otan;otan;9;
pablo;pablo;9;
paks;paks;9;
perifem;perifem;9;
perrin;perrin;9;
pompidou;pompidou;9;
ppv;ppv;9;
précarisation;précarisation;9;
préconisations;préconisations;9;
protectionniste;protectionniste;9;
pwc;pwc;9;
ratings;ratings;9;
représentativité;représentativité;9;
republic;republic;9;
rey;rey;9;
robotisation;robotisation;9;
rueff;rueff;9;
sacha;sacha;9;
saisonnalité;saisonnalité;9;
sao;sao;9;
schäuble;schäuble;9;
scolarisés;scolarisés;9;
shop;shop;9;
sicav;sicav;9;
singapour;singapour;9;
smcp;smcp;9;
sodebo;sodebo;9;
stoxx;stoxx;9;
tax;tax;9;
tendancielle;tendancielle;9;
thérèse;thérèse;9;
tpi;tpi;9;
trésoreries;trésoreries;9;
tüik;tüik;9;
turgot;turgot;9;
uk;uk;9;
ultralibéral;ultralibéral;9;
unédic;unédic;9;
valette;valette;9;
vallois;vallois;9;
ve;ve;9;
vittori;vittori;9;
wagner;wagner;9;
ways;ways;9;
weber;weber;9;
zeitoun;zeitoun;9;
zouari;zouari;9;
accise;accise;8;
acter;acter;8;
aesh;aesh;8;
albis;albis;8;
alfred;alfred;8;
allouées;allouées;8;
alvarez;alvarez;8;
anjou;anjou;8;
ano;ano;8;
antony;antony;8;
ash;ash;8;
assagissement;assagissement;8;
atp;atp;8;
aujour;aujour;8;
aussiallemagne;aussiallemagne;8;
aussifrance;aussifrance;8;
bad;bad;8;
beaugas;beaugas;8;
bellanger;bellanger;8;
bernier;bernier;8;
billancourt;billancourt;8;
blesson;blesson;8;
bnpl;bnpl;8;
boosté;boosté;8;
bozio;bozio;8;
bqp;bqp;8;
bradés;bradés;8;
briand;briand;8;
brice;brice;8;
bullard;bullard;8;
burns;burns;8;
cagnottage;cagnottage;8;
canson;canson;8;
capgemini;capgemini;8;
ccep;ccep;8;
cdg;cdg;8;
chapuis;chapuis;8;
chartered;chartered;8;
chrysler;chrysler;8;
cice;cice;8;
cnm;cnm;8;
coquerel;coquerel;8;
cotentin;cotentin;8;
couet;couet;8;
cre;cre;8;
créteil;créteil;8;
cryptomonnaie;cryptomonnaie;8;
culpa;culpa;8;
cybersécurité;cybersécurité;8;
dales;dales;8;
damoclès;damoclès;8;
danemark;danemark;8;
deliveroo;deliveroo;8;
delors;delors;8;
détaillent;détaillent;8;
dijon;dijon;8;
dopées;dopées;8;
dpe;dpe;8;
drôme;drôme;8;
duty;duty;8;
dws;dws;8;
easyjet;easyjet;8;
ecomiam;ecomiam;8;
écono;écono;8;
elsa;elsa;8;
emrys;emrys;8;
envi;envi;8;
estanguet;estanguet;8;
fanta;fanta;8;
feef;feef;8;
fisher;fisher;8;
flation;flation;8;
foir;foir;8;
fontenay;fontenay;8;
fund;fund;8;
gaillac;gaillac;8;
gaston;gaston;8;
gautier;gautier;8;
geiger;geiger;8;
godeluck;godeluck;8;
grigny;grigny;8;
guadeloupe;guadeloupe;8;
gucci;gucci;8;
hamon;hamon;8;
happyvore;happyvore;8;
héloïse;héloïse;8;
homeexchange;homeexchange;8;
ia;ia;8;
iata;iata;8;
impactant;impactant;8;
indexations;indexations;8;
influenceurs;influenceurs;8;
interprofession;interprofession;8;
investors;investors;8;
ipca;ipca;8;
istat;istat;8;
jacky;jacky;8;
jeff;jeff;8;
jessica;jessica;8;
karim;karim;8;
kemal;kemal;8;
kippour;kippour;8;
kuhanathan;kuhanathan;8;
lacroix;lacroix;8;
lafayette;lafayette;8;
lary;lary;8;
lasalle;lasalle;8;
lecornu;lecornu;8;
leduc;leduc;8;
lefèvre;lefèvre;8;
leïla;leïla;8;
lisieux;lisieux;8;
loiret;loiret;8;
lustman;lustman;8;
macroniste;macroniste;8;
magali;magali;8;
maghreb;maghreb;8;
maillage;maillage;8;
malika;malika;8;
marcelo;marcelo;8;
marco;marco;8;
margaret;margaret;8;
martinique;martinique;8;
mcdo;mcdo;8;
mea;mea;8;
meaux;meaux;8;
meilleurtaux;meilleurtaux;8;
mélanie;mélanie;8;
meti;meti;8;
moec;moec;8;
mohammed;mohammed;8;
mondialisée;mondialisée;8;
monétarisme;monétarisme;8;
monétiser;monétiser;8;
monnet;monnet;8;
moreira;moreira;8;
moscovici;moscovici;8;
mpc;mpc;8;
mt;mt;8;
multilatérales;multilatérales;8;
mustafa;mustafa;8;
mutricy;mutricy;8;
mutualiste;mutualiste;8;
nabioullina;nabioullina;8;
nazaire;nazaire;8;
ndiaye;ndiaye;8;
nicola;nicola;8;
nuggets;nuggets;8;
ofgem;ofgem;8;
one;one;8;
ouigo;ouigo;8;
oxfam;oxfam;8;
pannier;pannier;8;
panquiault;panquiault;8;
pantheon;pantheon;8;
pcb;pcb;8;
pénalisant;pénalisant;8;
pénalisante;pénalisante;8;
percevront;percevront;8;
pereira;pereira;8;
péremption;péremption;8;
personnalisés;personnalisés;8;
pimkie;pimkie;8;
plébiscitent;plébiscitent;8;
plui;plui;8;
poilâne;poilâne;8;
pontoise;pontoise;8;
positionnant;positionnant;8;
princeton;princeton;8;
prioritairement;prioritairement;8;
privat;privat;8;
prudentiel;prudentiel;8;
psa;psa;8;
py;py;8;
rachel;rachel;8;
raingeard;raingeard;8;
rationnements;rationnements;8;
ray;ray;8;
rcn;rcn;8;
relocaliser;relocaliser;8;
répercutera;répercutera;8;
replay;replay;8;
riksbank;riksbank;8;
runacher;runacher;8;
sabine;sabine;8;
sánchez;sánchez;8;
savary;savary;8;
saxe;saxe;8;
scrutées;scrutées;8;
seloger;seloger;8;
shanghaï;shanghaï;8;
sms;sms;8;
socioprofessionnelles;socioprofessionnelles;8;
solveig;solveig;8;
sondées;sondées;8;
starbucks;starbucks;8;
steve;steve;8;
stockholm;stockholm;8;
supeco;supeco;8;
surépargne;surépargne;8;
target;target;8;
task;task;8;
télécom;télécom;8;
thibault;thibault;8;
thompson;thompson;8;
ticpe;ticpe;8;
tikehau;tikehau;8;
traders;traders;8;
travel;travel;8;
university;university;8;
urss;urss;8;
ush;ush;8;
vaucluse;vaucluse;8;
viard;viard;8;
vingts;vingts;8;
whatsapp;whatsapp;8;
wolfgang;wolfgang;8;
wright;wright;8;
xiii;xiii;8;
xxl;xxl;8;
you;you;8;
yvon;yvon;8;
aaa;aaa;7;
abdel;abdel;7;
accenture;accenture;7;
accor;accor;7;
adsl;adsl;7;
aéroportuaire;aéroportuaire;7;
agritel;agritel;7;
algérie;algérie;7;
alterfood;alterfood;7;
amlo;amlo;7;
angèle;angèle;7;
antilles;antilles;7;
antivols;antivols;7;
aprr;aprr;7;
arcelormittal;arcelormittal;7;
arnault;arnault;7;
audois;audois;7;
aussibanque;aussibanque;7;
aussiface;aussiface;7;
auteuil;auteuil;7;
automaticité;automaticité;7;
bagneux;bagneux;7;
bell;bell;7;
bellile;bellile;7;
bénéficieraient;bénéficieraient;7;
bernanke;bernanke;7;
bluebay;bluebay;7;
boata;boata;7;
boissieu;boissieu;7;
bouny;bouny;7;
bp;bp;7;
broadbent;broadbent;7;
brochard;brochard;7;
brown;brown;7;
bulgnéville;bulgnéville;7;
caba;caba;7;
cabau;cabau;7;
cadastrales;cadastrales;7;
camburet;camburet;7;
cau;cau;7;
chain;chain;7;
chartres;chartres;7;
chélini;chélini;7;
cherpas;cherpas;7;
chevallier;chevallier;7;
cimalpes;cimalpes;7;
claudia;claudia;7;
cnuced;cnuced;7;
colgate;colgate;7;
collart;collart;7;
commercialisés;commercialisés;7;
company;company;7;
connait;connait;7;
consulting;consulting;7;
contributeurs;contributeurs;7;
corrélé;corrélé;7;
corum;corum;7;
coûtants;coûtants;7;
crt;crt;7;
danièle;danièle;7;
darren;darren;7;
das;das;7;
delahaye;delahaye;7;
déloyales;déloyales;7;
déréférencement;déréférencement;7;
disneyland;disneyland;7;
diw;diw;7;
drees;drees;7;
edmond;edmond;7;
egalement;egalement;7;
électoraliste;électoraliste;7;
emilie;emilie;7;
enrique;enrique;7;
eurosceptique;eurosceptique;7;
evergrande;evergrande;7;
exportatrices;exportatrices;7;
exportent;exportent;7;
extremis;extremis;7;
fargo;fargo;7;
farlotti;farlotti;7;
fdsea;fdsea;7;
ferracci;ferracci;7;
financiarisation;financiarisation;7;
fiscalisés;fiscalisés;7;
floa;floa;7;
fnhpa;fnhpa;7;
fnmf;fnmf;7;
focus;focus;7;
forint;forint;7;
friperies;friperies;7;
gafam;gafam;7;
gambetta;gambetta;7;
gelencser;gelencser;7;
généralisés;généralisés;7;
geneviève;geneviève;7;
ghana;ghana;7;
gifi;gifi;7;
gmf;gmf;7;
goetz;goetz;7;
gonzales;gonzales;7;
goodhart;goodhart;7;
gosselin;gosselin;7;
grady;grady;7;
great;great;7;
gremillet;gremillet;7;
hambourg;hambourg;7;
hamilton;hamilton;7;
handelsblatt;handelsblatt;7;
harmonisée;harmonisée;7;
hautefort;hautefort;7;
hec;hec;7;
hippolyte;hippolyte;7;
hoc;hoc;7;
holzmann;holzmann;7;
hong;hong;7;
hve;hve;7;
ice;ice;7;
iliad;iliad;7;
indec;indec;7;
interbancaires;interbancaires;7;
intermédiation;intermédiation;7;
irving;irving;7;
islamabad;islamabad;7;
ivry;ivry;7;
joubert;joubert;7;
justin;justin;7;
katia;katia;7;
kazuo;kazuo;7;
kelly;kelly;7;
kenya;kenya;7;
kong;kong;7;
kozul;kozul;7;
krakovitch;krakovitch;7;
lacombe;lacombe;7;
landeroin;landeroin;7;
last;last;7;
lawrence;lawrence;7;
lescure;lescure;7;
lons;lons;7;
lotois;lotois;7;
lydie;lydie;7;
maël;maël;7;
majorations;majorations;7;
majoré;majoré;7;
maprimerénov;maprimerénov;7;
marionnaud;marionnaud;7;
marjorie;marjorie;7;
marty;marty;7;
mathias;mathias;7;
maud;maud;7;
mayotte;mayotte;7;
mazier;mazier;7;
meuse;meuse;7;
michon;michon;7;
minelli;minelli;7;
mnguerre;mnguerre;7;
mobilians;mobilians;7;
mondialisées;mondialisées;7;
monetary;monetary;7;
morel;morel;7;
mutualisation;mutualisation;7;
mw;mw;7;
neuilly;neuilly;7;
nhs;nhs;7;
ninon;ninon;7;
nogent;nogent;7;
oanda;oanda;7;
obsoco;obsoco;7;
parthenon;parthenon;7;
pea;pea;7;
pel;pel;7;
pélissier;pélissier;7;
pelloli;pelloli;7;
pepsi;pepsi;7;
phytosanitaires;phytosanitaires;7;
playstation;playstation;7;
plébiscitée;plébiscitée;7;
pluriannuelle;pluriannuelle;7;
pluriannuels;pluriannuels;7;
positionnées;positionnées;7;
postpandémie;postpandémie;7;
presqu;presqu;7;
prévost;prévost;7;
privilégiez;privilégiez;7;
prohibitifs;prohibitifs;7;
protected;protected;7;
psg;psg;7;
qubic;qubic;7;
rauline;rauline;7;
réindexation;réindexation;7;
reversés;reversés;7;
rib;rib;7;
rième;rième;7;
rioux;rioux;7;
rolf;rolf;7;
rolling;rolling;7;
romanet;romanet;7;
romeu;romeu;7;
rothschild;rothschild;7;
salomon;salomon;7;
salvador;salvador;7;
samsung;samsung;7;
sarthois;sarthois;7;
selin;selin;7;
shaktikanta;shaktikanta;7;
sharif;sharif;7;
sharon;sharon;7;
shrink;shrink;7;
slovénie;slovénie;7;
smpga;smpga;7;
soudan;soudan;7;
souillot;souillot;7;
spac;spac;7;
startups;startups;7;
stuffing;stuffing;7;
supérettes;supérettes;7;
supply;supply;7;
syrie;syrie;7;
taclé;taclé;7;
tavares;tavares;7;
tea;tea;7;
télétravailler;télétravailler;7;
tendanciellement;tendanciellement;7;
tesco;tesco;7;
thibaud;thibaud;7;
timothée;timothée;7;
ttf;ttf;7;
ueda;ueda;7;
umut;umut;7;
valéry;valéry;7;
végane;végane;7;
veyrier;veyrier;7;
vientiane;vientiane;7;
volker;volker;7;
voyagistes;voyagistes;7;
vuitton;vuitton;7;
wauquiez;wauquiez;7;
weekendesk;weekendesk;7;
wells;wells;7;
wolf;wolf;7;
wood;wood;7;
wunsch;wunsch;7;
www;www;7;
zhang;zhang;7;
zhiwei;zhiwei;7;
abad;abad;6;
abis;abis;6;
abritel;abritel;6;
acpr;acpr;6;
addactis;addactis;6;
adoue;adoue;6;
advisory;advisory;6;
aghion;aghion;6;
ahmed;ahmed;6;
alex;alex;6;
alexeï;alexeï;6;
alfortville;alfortville;6;
allgemeine;allgemeine;6;
altice;altice;6;
altiservice;altiservice;6;
amghar;amghar;6;
amora;amora;6;
annecy;annecy;6;
annus;annus;6;
apec;apec;6;
arbitrable;arbitrable;6;
argenteuil;argenteuil;6;
arkema;arkema;6;
armin;armin;6;
arte;arte;6;
audincourt;audincourt;6;
auray;auray;6;
aurel;aurel;6;
aussiau;aussiau;6;
aussibudget;aussibudget;6;
aussifed;aussifed;6;
autoconsommation;autoconsommation;6;
autoentrepreneur;autoentrepreneur;6;
autoréalisatrices;autoréalisatrices;6;
aveyronnaise;aveyronnaise;6;
avionneur;avionneur;6;
aymeric;aymeric;6;
ayrault;ayrault;6;
bali;bali;6;
bangkok;bangkok;6;
barbie;barbie;6;
barcelone;barcelone;6;
batignolles;batignolles;6;
bauer;bauer;6;
baule;baule;6;
bellon;bellon;6;
belmiro;belmiro;6;
bénassy;bénassy;6;
berd;berd;6;
berthelot;berthelot;6;
bertin;bertin;6;
bezos;bezos;6;
bgc;bgc;6;
biélorussie;biélorussie;6;
biotech;biotech;6;
biotechs;biotechs;6;
blockchain;blockchain;6;
blouin;blouin;6;
bmw;bmw;6;
bodin;bodin;6;
boh;boh;6;
boisset;boisset;6;
bonnasse;bonnasse;6;
boostée;boostée;6;
borrell;borrell;6;
bouchaud;bouchaud;6;
bowman;bowman;6;
bretton;bretton;6;
brodart;brodart;6;
burn;burn;6;
busson;busson;6;
bva;bva;6;
cadurcien;cadurcien;6;
caillet;caillet;6;
cantin;cantin;6;
cardif;cardif;6;
carenco;carenco;6;
carias;carias;6;
carine;carine;6;
caron;caron;6;
carstens;carstens;6;
cazeneuve;cazeneuve;6;
ceoe;ceoe;6;
cesu;cesu;6;
chaines;chaines;6;
chanel;chanel;6;
charal;charal;6;
chauvel;chauvel;6;
citroën;citroën;6;
clairefontaine;clairefontaine;6;
clayes;clayes;6;
cmo;cmo;6;
complexifie;complexifie;6;
conditionnalité;conditionnalité;6;
contraignants;contraignants;6;
cordier;cordier;6;
corrélée;corrélée;6;
costa;costa;6;
coty;coty;6;
crnkovic;crnkovic;6;
ct;ct;6;
cua;cua;6;
cyber;cyber;6;
daily;daily;6;
dayot;dayot;6;
delatte;delatte;6;
delvau;delvau;6;
démarques;démarques;6;
demoures;demoures;6;
désemplissent;désemplissent;6;
désinflationnistes;désinflationnistes;6;
desouches;desouches;6;
dimon;dimon;6;
dior;dior;6;
director;director;6;
dixmier;dixmier;6;
dmitri;dmitri;6;
dubois;dubois;6;
duclos;duclos;6;
dumas;dumas;6;
easy;easy;6;
edv;edv;6;
eglise;eglise;6;
eiffel;eiffel;6;
electric;electric;6;
électro;électro;6;
ellen;ellen;6;
email;email;6;
énergéticien;énergéticien;6;
england;england;6;
epr;epr;6;
erik;erik;6;
erwann;erwann;6;
esser;esser;6;
euroapi;euroapi;6;
eurogroupe;eurogroupe;6;
eurostar;eurostar;6;
evans;evans;6;
évelyne;évelyne;6;
exito;exito;6;
fanichet;fanichet;6;
farandou;farandou;6;
farooqi;farooqi;6;
favre;favre;6;
fbf;fbf;6;
fca;fca;6;
fédère;fédère;6;
fernand;fernand;6;
fertilisants;fertilisants;6;
fhp;fhp;6;
fidesz;fidesz;6;
fitzner;fitzner;6;
foix;foix;6;
formateurs;formateurs;6;
frankfurter;frankfurter;6;
friggit;friggit;6;
fsl;fsl;6;
ftx;ftx;6;
gallaine;gallaine;6;
gandhi;gandhi;6;
gasté;gasté;6;
gazoducs;gazoducs;6;
gediminas;gediminas;6;
geev;geev;6;
georg;georg;6;
gervais;gervais;6;
gestions;gestions;6;
gharbi;gharbi;6;
gheeraert;gheeraert;6;
ghr;ghr;6;
giles;giles;6;
gomes;gomes;6;
gualeguaychu;gualeguaychu;6;
guérande;guérande;6;
gueugneau;gueugneau;6;
happy;happy;6;
harker;harker;6;
haussmann;haussmann;6;
hcpf;hcpf;6;
hébergeurs;hébergeurs;6;
hénaff;hénaff;6;
hesse;hesse;6;
hugues;hugues;6;
husson;husson;6;
ian;ian;6;
ifm;ifm;6;
ifrap;ifrap;6;
igraal;igraal;6;
ilc;ilc;6;
inc;inc;6;
industry;industry;6;
inès;inès;6;
institutionnelles;institutionnelles;6;
interbancaire;interbancaire;6;
intercommunale;intercommunale;6;
ipek;ipek;6;
isaac;isaac;6;
islamo;islamo;6;
italia;italia;6;
jacent;jacent;6;
jacobs;jacobs;6;
janicaud;janicaud;6;
jedliczka;jedliczka;6;
jonas;jonas;6;
jordan;jordan;6;
jouéclub;jouéclub;6;
katz;katz;6;
kévin;kévin;6;
laforêt;laforêt;6;
landel;landel;6;
later;later;6;
laurin;laurin;6;
lbbw;lbbw;6;
least;least;6;
lemetais;lemetais;6;
lemoine;lemoine;6;
lepetit;lepetit;6;
lesieur;lesieur;6;
libye;libye;6;
lijuan;lijuan;6;
lilian;lilian;6;
lme;lme;6;
louwagie;louwagie;6;
lse;lse;6;
mahfouz;mahfouz;6;
maje;maje;6;
mankiw;mankiw;6;
mariana;mariana;6;
mariault;mariault;6;
mauroy;mauroy;6;
meals;meals;6;
mégawatt;mégawatt;6;
meilleursagents;meilleursagents;6;
mercato;mercato;6;
mervyn;mervyn;6;
mesnil;mesnil;6;
messi;messi;6;
métavers;métavers;6;
metro;metro;6;
meuros;meuros;6;
mickaël;mickaël;6;
midterms;midterms;6;
miguel;miguel;6;
milka;milka;6;
minorer;minorer;6;
mnhausse;mnhausse;6;
mnmalgré;mnmalgré;6;
mnpour;mnpour;6;
mnzone;mnzone;6;
modificative;modificative;6;
moez;moez;6;
monier;monier;6;
montefiore;montefiore;6;
mourad;mourad;6;
mournet;mournet;6;
multilatérale;multilatérale;6;
nathan;nathan;6;
nawaz;nawaz;6;
neil;neil;6;
nespresso;nespresso;6;
nitrites;nitrites;6;
now;now;6;
nutritionnelles;nutritionnelles;6;
occi;occi;6;
oetam;oetam;6;
ogm;ogm;6;
omt;omt;6;
oreo;oreo;6;
org;org;6;
orléans;orléans;6;
otto;otto;6;
ozkardeskaya;ozkardeskaya;6;
pac;pac;6;
palmolive;palmolive;6;
penchinat;penchinat;6;
personal;personal;6;
pfu;pfu;6;
philadelphie;philadelphie;6;
pimco;pimco;6;
players;players;6;
pleurtuit;pleurtuit;6;
podemos;podemos;6;
pöhl;pöhl;6;
positionnés;positionnés;6;
posteriori;posteriori;6;
preferred;preferred;6;
prégnant;prégnant;6;
primonial;primonial;6;
private;private;6;
pt;pt;6;
puget;puget;6;
qua;qua;6;
quiberon;quiberon;6;
quoiqu;quoiqu;6;
raymond;raymond;6;
rba;rba;6;
reconnait;reconnait;6;
réduflation;réduflation;6;
refashion;refashion;6;
refondation;refondation;6;
reims;reims;6;
renégocient;renégocient;6;
résilients;résilients;6;
retiers;retiers;6;
reuilly;reuilly;6;
revalorisant;revalorisant;6;
revolving;revolving;6;
rmt;rmt;6;
roosevelt;roosevelt;6;
rotterdam;rotterdam;6;
rubeela;rubeela;6;
ruffin;ruffin;6;
ryan;ryan;6;
saïd;saïd;6;
sainsbury;sainsbury;6;
salariées;salariées;6;
salmon;salmon;6;
salvetat;salvetat;6;
samu;samu;6;
savm;savm;6;
schumer;schumer;6;
scor;scor;6;
sdi;sdi;6;
sébastian;sébastian;6;
sectorielle;sectoriel;6;
sg;sg;6;
shein;shein;6;
skiables;skiables;6;
snpaa;snpaa;6;
sociétales;sociétales;6;
society;society;6;
sos;sos;6;
sosh;sosh;6;
sovereign;sovereign;6;
sprite;sprite;6;
sterdyniak;sterdyniak;6;
stmicroelectronics;stmicroelectronics;6;
surreprésentées;surreprésentées;6;
sweet;sweet;6;
swissquote;swissquote;6;
sydev;sydev;6;
systémiques;systémiques;6;
takes;takes;6;
tarnais;tarnais;6;
tennessee;tennessee;6;
thévenot;thévenot;6;
thibaut;thibaut;6;
thiellay;thiellay;6;
tiendeo;tiendeo;6;
tiffany;tiffany;6;
tion;tion;6;
tirole;tirole;6;
tmi;tmi;6;
totalénergies;totalénergies;6;
toullec;toullec;6;
tournefeuille;tournefeuille;6;
tucuman;tucuman;6;
vélizy;vélizy;6;
verallia;verallia;6;
vertbaudet;vertbaudet;6;
verzeletti;verzeletti;6;
vidéoprotection;vidéoprotection;6;
villefranche;villefranche;6;
vince;vince;6;
vincendeau;vincendeau;6;
vratsa;vratsa;6;
vtc;vtc;6;
way;way;6;
west;west;6;
whatever;whatever;6;
woods;woods;6;
wtw;wtw;6;
xl;xl;6;
xxie;xxie;6;
yildiz;yildiz;6;
zac;zac;6;
accéléreront;accélérer;0;
alarment;alarmer;0;
alpina;alpina
andes;andes;0;
aviragnet;aviragnet;0;
bagnolet;bagnolet;0;
bb;bb;0;
beschizza;beschizza;0;
boostent;booster;0;
boyer;boyer;0;
bronca;bronca;0;
castéra;castéra;0;
cémoi;cémoi;0;
champigneulles;champigneulles;0;
coeuré;coeuré;0;
conciliaprêt;conciliaprêt;0;
conflictualité;conflictualité;0;
cooperl;cooperl;0;
corbeil;corbeil;0;
deauville;deauville;0;
delhomme;delhomme;0;
dopent;doper;0;
duale;duale;0;
écogestes;écogeste;0;
ecologie;écologie;0;
ehrhardt;ehrhardt;0;
endettent;endetter;0;
essentiem;essentiem;0;
eurobaromètre;eurobaromètre;0;
fragilisant;fragiliser;0;
fragilisent;fragiliser;0;
galbraith;galbraith;0;
getir;getir;0;
griveaux;griveaux;0;
houses;houses;0;
imerys;imerys;0;
immo;immo;0;
inégalitaires;inégalitaire;0;
jousse;jousse;0;
jouvhomme;jouvhomme;0;
louverné;louverné;0;
lunéville;lunéville;0;
madagascar;madagascar;0;
madelin;madelin;0;
majorés;majoré;0;
maur;maur;0;
maurepas;maurepas;0;
maxence;maxence;0;
morteau;morteau;0;
oliveau;oliveau;0;
orpea;orpea;0;
oudéa;oudéa;0;
pénaliserait;pénaliser;0;
plébiscitées;plébiscité;0;
puteaux;puteaux;0;
rogoff;rogoff;0;
schwartz;schwartz;0;
solderies;solderies;0;
stains;stains;0;
supercycle;supercycle;0;
uruguayens;uruguayen;0;
vélib;vélib;0;
xii;xii;0;
xiv;xiv;0;
