"";"Term";"Occurrences";"Stopword"
"france";"franc";4582;""
"bce";"bce";2493;""
"fed";"fed";1855;""
"aujourd";"aujourd";1670;""
"ukraine";"ukrain";1624;""
"covid";"covid";1574;""
"europe";"europ";1493;""
"etats";"etat";1460;""
"insee";"inse";1359;""
"pib";"pib";1012;""
"er";"er";883;""
"bruno";"bruno";823;""
"etat";"etat";790;""
"macron";"macron";654;""
"bercy";"bercy";618;""
"smic";"smic";613;""
"lagarde";"lagard";608;""
"russie";"russ";606;""
"christine";"christin";589;""
"biden";"biden";546;""
"tandis";"tand";542;""
"emmanuel";"emmanuel";539;""
"leclerc";"leclerc";513;""
"powell";"powel";507;""
"fmi";"fmi";499;""
"philippe";"philipp";473;""
"françois";"françois";421;""
"espagne";"espagn";418;""
"tarifaire";"tarifair";417;""
"afp";"afp";410;""
"jerome";"jerom";359;""
"joe";"jo";356;""
"salariales";"salarial";330;""
"italie";"ital";313;""
"michel";"michel";307;""
"inflationnistes";"inflation";302;""
"tva";"tva";281;""
"jacente";"jacent";279;""
"pme";"pme";263;""
"pdg";"pdg";252;""
"turquie";"turqu";242;""
"lidl";"lidl";235;""
"ue";"ue";233;""
"street";"street";225;""
"economie";"econom";210;""
"eurostat";"eurostat";203;""
"confinements";"confin";198;""
"christophe";"christoph";196;""
"wall";"wall";193;""
"cgt";"cgt";184;""
"alexandre";"alexandr";183;""
"denis";"den";181;""
"émergents";"émergent";180;""
"nicolas";"nicol";180;""
"patrick";"patrick";180;""
"paul";"paul";176;""
"cac";"cac";173;""
"tarifaires";"tarifair";170;""
"erdogan";"erdogan";167;""
"bank";"bank";164;""
"galhau";"galhau";163;""
"villeroy";"villeroy";163;""
"dominique";"domin";162;""
"ndlr";"ndlr";160;""
"intermarché";"intermarch";158;""
"mathieu";"mathieu";158;""
"bruxelles";"bruxel";154;""
"ocde";"ocde";154;""
"auchan";"auchan";153;""
"ex";"ex";150;""
"ofce";"ofce";149;""
"economics";"economic";148;""
"laurent";"laurent";148;""
"grégoire";"grégoir";147;""
"of";"of";145;""
"asie";"asi";144;""
"eric";"eric";144;""
"olivia";"olivi";141;""
"week";"week";140;""
"anne";"anne";136;""
"déflation";"déflat";134;""
"mdd";"mdd";133;""
"boe";"bo";132;""
"stéphane";"stéphan";129;""
"cœur";"cœur";126;""
"géopolitiques";"géopolit";126;""
"renchérissement";"rencher";126;""
"revalorisations";"revaloris";125;""
"londres";"londr";124;""
"egalim";"egalim";122;""
"ores";"ore";122;""
"bnp";"bnp";120;""
"indexés";"index";120;""
"end";"end";119;""
"danone";"danon";117;""
"thierry";"thierry";117;""
"ing";"ing";116;""
"bompard";"bompard";114;""
"nestlé";"nestl";114;""
"renouvelables";"renouvel";113;""
"iri";"iri";112;""
"frédéric";"frédéric";111;""
"washington";"washington";111;""
"cfdt";"cfdt";110;""
"lr";"lr";110;""
"paribas";"parib";110;""
"kantar";"kantar";107;""
"bretagne";"bretagn";106;""
"the";"the";106;""
"surendettement";"surendet";104;""
"édouard";"édouard";103;""
"rhin";"rhin";103;""
"vincent";"vincent";101;""
"désinflation";"désinfl";100;""
"cpi";"cpi";99;""
"instar";"instar";99;""
"luc";"luc";99;""
"elisabeth";"elisabeth";98;""
"élisabeth";"élisabeth";98;""
"œuvre";"œuvr";98;""
"aldi";"aldi";97;""
"éric";"éric";97;""
"david";"david";96;""
"sébastien";"sébastien";96;""
"grèce";"grec";95;""
"trump";"trump";95;""
"charles";"charl";94;""
"sncf";"sncf";93;""
"pouget";"pouget";92;""
"hongrie";"hongr";91;""
"medef";"medef";91;""
"christian";"christian";90;""
"jérôme";"jérôm";90;""
"mayer";"mai";90;""
"moscou";"moscou";89;""
"afrique";"afriqu";88;""
"emily";"emily";87;""
"goulets";"goulet";87;""
"indexées";"index";87;""
"loire";"loir";87;""
"totalenergies";"totalenerg";87;""
"edouard";"edouard";86;""
"lyon";"lyon";86;""
"valérie";"valer";86;""
"oise";"ois";85;""
"fo";"fo";84;""
"matignon";"matignon";84;""
"reuters";"reuter";84;""
"unilever";"unilev";84;""
"castex";"castex";83;""
"didier";"didi";83;""
"sunak";"sunak";83;""
"amazon";"amazon";82;""
"antoine";"antoin";82;""
"allianz";"allianz";81;""
"ipch";"ipch";81;""
"schelcher";"schelch";81;""
"twitter";"twitt";81;""
"structurelles";"structurel";80;""
"bertrand";"bertrand";79;""
"edf";"edf";79;""
"tablent";"tablent";79;""
"gabriel";"gabriel";78;""
"nathalie";"nathal";77;""
"pologne";"pologn";77;""
"portugal";"portugal";77;""
"kg";"kg";76;""
"made";"mad";76;""
"montpellier";"montpelli";76;""
"act";"act";75;""
"attractivité";"attract";75;""
"macroéconomique";"macroéconom";75;""
"tpe";"tpe";75;""
"artus";"artus";74;""
"cheffe";"cheff";74;""
"ferrand";"ferrand";74;""
"surcoûts";"surcoût";74;""
"vladimir";"vladim";74;""
"circana";"circan";73;""
"crevel";"crevel";73;""
"macroéconomiques";"macroéconom";73;""
"up";"up";73;""
"disparités";"dispar";72;""
"yves";"yve";72;""
"yellen";"yellen";71;""
"benoit";"benoit";70;""
"bitcoin";"bitcoin";70;""
"ehpad";"ehpad";70;""
"irl";"irl";70;""
"nupes";"nup";70;""
"tech";"tech";70;""
"impactés";"impact";69;""
"ufc";"ufc";69;""
"coronavirus";"coronavirus";68;""
"franck";"franck";68;""
"natixis";"natix";68;""
"pécresse";"pécress";68;""
"aussiinflation";"aussiinfl";67;""
"brexit";"brex";67;""
"pen";"pen";67;""
"renault";"renault";67;""
"rsa";"rsa";67;""
"stellantis";"stellant";67;""
"bernard";"bernard";66;""
"intrants";"intrant";66;""
"isabel";"isabel";66;""
"pce";"pce";66;""
"superprofits";"superprofit";66;""
"nao";"nao";65;""
"pepp";"pepp";65;""
"truss";"truss";65;""
"christopher";"christoph";64;""
"œufs";"œuf";64;""
"ons";"on";64;""
"rishi";"rish";64;""
"school";"school";64;""
"attal";"attal";63;""
"brent";"brent";63;""
"jackson";"jackson";63;""
"reduction";"reduct";63;""
"rexecode";"rexecod";63;""
"andré";"andré";62;""
"donald";"donald";62;""
"hole";"hol";62;""
"janet";"janet";62;""
"schnabel";"schnabel";62;""
"urssaf";"urssaf";62;""
"draghi";"dragh";61;""
"nancy";"nancy";61;""
"renégociations";"renégoci";61;""
"daniel";"daniel";60;""
"hyperinflation";"hyperinfl";60;""
"impacte";"impact";60;""
"john";"john";60;""
"oxford";"oxford";60;""
"philip";"philip";60;""
"bundesbank";"bundesbank";59;""
"biocoop";"biocoop";58;""
"mobilités";"mobil";58;""
"and";"and";57;""
"aurélie";"aurel";57;""
"aussil";"aussil";57;""
"dor";"dor";57;""
"echos";"echos";57;""
"liz";"liz";57;""
"bloomberg";"bloomberg";56;""
"descrozaille";"descrozaill";56;""
"emprunteurs";"emprunteur";56;""
"mario";"mario";56;""
"recep";"recep";56;""
"ducrozet";"ducrozet";55;""
"low";"low";55;""
"nielseniq";"nielseniq";55;""
"priori";"prior";55;""
"tayyip";"tayyip";55;""
"volcker";"volck";55;""
"boj";"boj";54;""
"destatis";"destat";54;""
"eti";"eti";54;""
"mélenchon";"mélenchon";54;""
"pyrénées";"pyren";54;""
"ig";"ig";53;""
"marseille";"marseil";53;""
"rhône";"rhôn";53;""
"silbert";"silbert";53;""
"andrew";"andrew";52;""
"mexique";"mexiqu";52;""
"pge";"pge";52;""
"summers";"summer";52;""
"arnaud";"arnaud";51;""
"discounters";"discounter";51;""
"frederik";"frederik";51;""
"funds";"fund";51;""
"jones";"jon";51;""
"king";"king";51;""
"ludovic";"ludovic";51;""
"agroalimentaires";"agroalimentair";50;""
"catherine";"catherin";50;""
"creyssel";"creyssel";50;""
"fr";"fr";50;""
"ifop";"ifop";50;""
"istanbul";"istanbul";50;""
"laurence";"laurenc";50;""
"lille";"lill";50;""
"apple";"apple";49;""
"bfm";"bfm";49;""
"calignon";"calignon";49;""
"georgieva";"georgiev";49;""
"johnson";"johnson";49;""
"toulouse";"toulous";49;""
"asset";"asset";48;""
"btp";"btp";48;""
"désendettement";"désendet";48;""
"fabien";"fabien";48;""
"lane";"lan";48;""
"pictet";"pictet";48;""
"yvelines";"yvelin";48;""
"blanchard";"blanchard";47;""
"decathlon";"decathlon";47;""
"dow";"dow";47;""
"environnementales";"environnemental";47;""
"idfm";"idfm";47;""
"ile";"ile";47;""
"jo";"jo";47;""
"kristalina";"kristalin";47;""
"scpi";"scpi";47;""
"start";"start";47;""
"tablaient";"tabl";47;""
"tablait";"tabl";47;""
"ania";"ani";46;""
"bailey";"bailey";46;""
"boris";"bor";46;""
"cryptomonnaies";"cryptomonnai";46;""
"gourinchas";"gourinch";46;""
"ipc";"ipc";46;""
"madrid";"madrid";46;""
"manœuvre";"manœuvr";46;""
"rn";"rn";46;""
"buenos";"buenos";45;""
"cost";"cost";45;""
"credit";"cred";45;""
"franciliens";"francilien";45;""
"henri";"henr";45;""
"scholz";"scholz";45;""
"am";"am";44;""
"cécile";"cécil";44;""
"cpme";"cpme";44;""
"estonie";"eston";44;""
"friday";"friday";44;""
"lvmh";"lvmh";44;""
"agnès";"agnes";43;""
"brzeski";"brzesk";43;""
"ccas";"ccas";43;""
"impacté";"impact";43;""
"ine";"ine";43;""
"lep";"lep";43;""
"lfi";"lfi";43;""
"unef";"unef";43;""
"carsten";"carsten";42;""
"dares";"dar";42;""
"egypte";"egypt";42;""
"fur";"fur";42;""
"geoffroy";"geoffroy";42;""
"goldman";"goldman";42;""
"joachim";"joachim";42;""
"m²";"m²";42;""
"opinionway";"opinionway";42;""
"sachs";"sach";42;""
"alsif";"alsif";41;""
"dotations";"dotat";41;""
"engie";"engi";41;""
"foodwatch";"foodwatch";41;""
"larry";"larry";41;""
"market";"market";41;""
"matthieu";"matthieu";41;""
"revalorisées";"revaloris";41;""
"stéphanie";"stéphan";41;""
"times";"tim";41;""
"décarbonation";"décarbon";40;""
"fnsea";"fnse";40;""
"irlande";"irland";40;""
"research";"research";40;""
"delphine";"delphin";39;""
"dussopt";"dussopt";39;""
"financial";"financial";39;""
"institute";"institut";39;""
"luxembourg";"luxembourg";39;""
"milei";"milei";39;""
"pakistan";"pakistan";39;""
"provence";"provenc";39;""
"apl";"apl";38;""
"bouygues";"bouygu";38;""
"food";"food";38;""
"friedman";"friedman";38;""
"laure";"laur";38;""
"nagel";"nagel";38;""
"opep";"opep";38;""
"shrinkflation";"shrinkflat";38;""
"simon";"simon";38;""
"svb";"svb";38;""
"tgv";"tgv";38;""
"agirc";"agirc";37;""
"arrco";"arrco";37;""
"bios";"bios";37;""
"cfe";"cfe";37;""
"el";"el";37;""
"garonne";"garon";37;""
"ldds";"ldd";37;""
"olaf";"olaf";37;""
"power";"pow";37;""
"quo";"quo";37;""
"salarial";"salarial";37;""
"victor";"victor";37;""
"argentiers";"argenti";36;""
"bfmtv";"bfmtv";36;""
"cgc";"cgc";36;""
"déconsommation";"déconsomm";36;""
"emblée";"emblé";36;""
"émergentes";"émergent";36;""
"fast";"fast";36;""
"harvard";"harvard";36;""
"mds";"md";36;""
"navigo";"navigo";36;""
"nielsen";"nielsen";36;""
"obama";"obam";36;""
"omc";"omc";36;""
"ong";"ong";36;""
"patrice";"patric";36;""
"sanchez";"sanch";36;""
"bénéficieront";"bénéfici";35;""
"camille";"camill";35;""
"cédric";"cédric";35;""
"cftc";"cftc";35;""
"deutsche";"deutsch";35;""
"elysée";"elys";35;""
"fao";"fao";35;""
"fnac";"fnac";35;""
"fomc";"fomc";35;""
"iran";"iran";35;""
"javier";"javi";35;""
"milton";"milton";35;""
"mnla";"mnla";35;""
"pricing";"pricing";35;""
"ps";"p";35;""
"statisticiens";"statisticien";35;""
"statu";"statu";35;""
"america";"americ";34;""
"auch";"auch";34;""
"bersinger";"bersing";34;""
"bézieux";"bézieux";34;""
"conjoncturelle";"conjoncturel";34;""
"dembik";"dembik";34;""
"facto";"facto";34;""
"hunt";"hunt";34;""
"ii";"ii";34;""
"jeremy";"jeremy";34;""
"morgan";"morgan";34;""
"odile";"odil";34;""
"panéliste";"panel";34;""
"pb";"pb";34;""
"pcf";"pcf";34;""
"tokyo";"tokyo";34;""
"tv";"tv";34;""
"valorisations";"valoris";34;""
"bpce";"bpce";33;""
"cvae";"cva";33;""
"facebook";"facebook";33;""
"goetzmann";"goetzmann";33;""
"google";"googl";33;""
"jonathan";"jonathan";33;""
"oréal";"oréal";33;""
"partenariats";"partenariat";33;""
"plichon";"plichon";33;""
"procos";"procos";33;""
"app";"app";32;""
"besançon";"besançon";32;""
"brest";"brest";32;""
"colliac";"colliac";32;""
"davos";"davos";32;""
"essonne";"esson";32;""
"franceinfo";"franceinfo";32;""
"hélène";"hélen";32;""
"heyer";"hei";32;""
"iframe";"ifram";32;""
"leroy";"leroy";32;""
"mobilisations";"mobilis";32;""
"moëc";"moëc";32;""
"petrobras";"petrobr";32;""
"phillips";"phillip";32;""
"po";"po";32;""
"vendée";"vend";32;""
"barclays";"barclay";31;""
"céline";"célin";31;""
"cma";"cma";31;""
"crous";"crous";31;""
"damien";"damien";31;""
"encontre";"encontr";31;""
"garnier";"garni";31;""
"intersyndicale";"intersyndical";31;""
"manufacturier";"manufacturi";31;""
"nantes";"nant";31;""
"oat";"oat";31;""
"occitanie";"occitan";31;""
"peter";"pet";31;""
"plateformes";"plateform";31;""
"plf";"plf";31;""
"prévisionnistes";"prévision";31;""
"quelqu";"quelqu";31;""
"rome";"rom";31;""
"von";"von";31;""
"alexis";"alex";30;""
"annualisé";"annualis";30;""
"aussila";"aussil";30;""
"beaune";"beaun";30;""
"blog";"blog";30;""
"contrario";"contrario";30;""
"cyril";"cyril";30;""
"deloitte";"deloitt";30;""
"eco";"eco";30;""
"energie";"energ";30;""
"fcd";"fcd";30;""
"financées";"financ";30;""
"furman";"furman";30;""
"good";"good";30;""
"im";"im";30;""
"israël";"israël";30;""
"james";"jam";30;""
"lhh";"lhh";30;""
"lituanie";"lituan";30;""
"oddo";"oddo";30;""
"pedro";"pedro";30;""
"tf";"tf";30;""
"vinted";"vinted";30;""
"yann";"yann";30;""
"acté";"acté";29;""
"anticipaient";"anticip";29;""
"armor";"armor";29;""
"cloud";"cloud";29;""
"cyrille";"cyrill";29;""
"darty";"darty";29;""
"exonérations";"exoner";29;""
"fhf";"fhf";29;""
"joël";"joël";29;""
"lambert";"lambert";29;""
"leyen";"leyen";29;""
"lindner";"lindn";29;""
"malte";"malt";29;""
"mix";"mix";29;""
"nadia";"nadi";29;""
"nobel";"nobel";29;""
"rectificative";"rectif";29;""
"relocalisation";"relocalis";29;""
"roussel";"roussel";29;""
"rtl";"rtl";29;""
"sri";"sri";29;""
"strasbourg";"strasbourg";29;""
"trade";"trad";29;""
"waechter";"waecht";29;""
"australie";"austral";28;""
"autriche";"autrich";28;""
"bns";"bn";28;""
"conjoncturel";"conjoncturel";28;""
"fage";"fag";28;""
"gmt";"gmt";28;""
"gouverneure";"gouverneur";28;""
"morbihan";"morbihan";28;""
"normandie";"normand";28;""
"orban";"orban";28;""
"ostrum";"ostrum";28;""
"rmc";"rmc";28;""
"roger";"rog";28;""
"roland";"roland";28;""
"san";"san";28;""
"sandrine";"sandrin";28;""
"savoie";"savoi";28;""
"silicon";"silicon";28;""
"valley";"valley";28;""
"airbnb";"airbnb";27;""
"amf";"amf";27;""
"bpifrance";"bpifranc";27;""
"conjoncturelles";"conjoncturel";27;""
"cumulée";"cumul";27;""
"dauvers";"dauver";27;""
"dgccrf";"dgccrf";27;""
"fitch";"fitch";27;""
"floch";"floch";27;""
"focus";"focus";27;""
"franprix";"franprix";27;""
"free";"fre";27;""
"gentiloni";"gentilon";27;""
"gfk";"gfk";27;""
"grégory";"grégory";27;""
"guy";"guy";27;""
"hlm";"hlm";27;""
"moody";"moody";27;""
"moselle";"mosel";27;""
"netflix";"netflix";27;""
"nigeria";"nigeri";27;""
"norvège";"norveg";27;""
"revalorisés";"revaloris";27;""
"soutenabilité";"souten";27;""
"stokomani";"stokoman";27;""
"aix";"aix";26;""
"anxiogène";"anxiogen";26;""
"associatif";"associ";26;""
"aussibce";"aussibc";26;""
"décéléré";"décéler";26;""
"emmaüs";"emmaü";26;""
"fabrice";"fabric";26;""
"françoise";"françois";26;""
"hervé";"herv";26;""
"jason";"jason";26;""
"lactalis";"lactal";26;""
"mégawattheure";"mégawattheur";26;""
"œil";"œil";26;""
"rer";"rer";26;""
"résilient";"résilient";26;""
"roch";"roch";26;""
"tunisie";"tunis";26;""
"ubs";"ub";26;""
"ursula";"ursul";26;""
"amélie";"amel";25;""
"aquitaine";"aquitain";25;""
"baradez";"barad";25;""
"belfort";"belfort";25;""
"cepii";"cepii";25;""
"cojop";"cojop";25;""
"crédoc";"crédoc";25;""
"digitalisation";"digitalis";25;""
"easing";"easing";25;""
"fabio";"fabio";25;""
"finistère";"finister";25;""
"fsu";"fsu";25;""
"gaëlle";"gaël";25;""
"hsbc";"hsbc";25;""
"ikea";"ike";25;""
"ipsos";"ipsos";25;""
"karl";"karl";25;""
"lanka";"lank";25;""
"lebelle";"lebel";25;""
"michael";"michael";25;""
"photovoltaïques";"photovolta";25;""
"pisani";"pisan";25;""
"rbi";"rbi";25;""
"récessions";"récess";25;""
"spreads";"spread";25;""
"subran";"subran";25;""
"waller";"wall";25;""
"wealth";"wealth";25;""
"yannick";"yannick";25;""
"assai";"assai";24;""
"asterès";"asteres";24;""
"bert";"bert";24;""
"big";"big";24;""
"coface";"cofac";24;""
"cotillard";"cotillard";24;""
"csf";"csf";24;""
"drh";"drh";24;""
"éco";"éco";24;""
"frank";"frank";24;""
"ieseg";"ieseg";24;""
"incitations";"incit";24;""
"intercommunalités";"intercommunal";24;""
"julie";"jul";24;""
"loïc";"loïc";24;""
"marion";"marion";24;""
"michelin";"michelin";24;""
"nanterre";"nanterr";24;""
"raphaël";"raphaël";24;""
"ratp";"ratp";24;""
"relocalisations";"relocalis";24;""
"saône";"saôn";24;""
"sfr";"sfr";24;""
"swift";"swift";24;""
"think";"think";24;""
"volkswagen";"volkswagen";24;""
"alberto";"alberto";23;""
"attractives";"attract";23;""
"cci";"cci";23;""
"christiane";"christian";23;""
"défiscalisée";"défiscalis";23;""
"discounter";"discount";23;""
"énergivores";"énergivor";23;""
"etienne";"etien";23;""
"harris";"harr";23;""
"impactées";"impact";23;""
"jens";"jen";23;""
"lettonie";"letton";23;""
"lionel";"lionel";23;""
"mans";"man";23;""
"manufacturière";"manufacturi";23;""
"maroc";"maroc";23;""
"metall";"metall";23;""
"mondelez";"mondel";23;""
"mwh";"mwh";23;""
"onu";"onu";23;""
"retail";"retail";23;""
"russo";"russo";23;""
"sarkozy";"sarkozy";23;""
"shanghai";"shangh";23;""
"smartphone";"smartphon";23;""
"wyoming";"wyoming";23;""
"zimbabwe";"zimbabw";23;""
"accédants";"acced";22;""
"albert";"albert";22;""
"arabie";"arab";22;""
"clinton";"clinton";22;""
"downing";"downing";22;""
"edenred";"edenred";22;""
"édile";"édil";22;""
"énergéticiens";"énergéticien";22;""
"etf";"etf";22;""
"factset";"factset";22;""
"gaspi";"gasp";22;""
"georges";"georg";22;""
"gérald";"gérald";22;""
"gérard";"gérard";22;""
"hugo";"hugo";22;""
"jay";"jay";22;""
"knot";"knot";22;""
"lorient";"lorient";22;""
"microsoft";"microsoft";22;""
"réassurance";"réassur";22;""
"recrutements";"recrut";22;""
"rungis";"rung";22;""
"sarah";"sarah";22;""
"sodexo";"sodexo";22;""
"texas";"tex";22;""
"tl";"tl";22;""
"akp";"akp";21;""
"alstom";"alstom";21;""
"aop";"aop";21;""
"aussile";"aussil";21;""
"barack";"barack";21;""
"chantal";"chantal";21;""
"chartier";"charti";21;""
"clotilde";"clotild";21;""
"copropriétés";"copropriet";21;""
"ducrocq";"ducrocq";21;""
"elior";"elior";21;""
"florent";"florent";21;""
"ifo";"ifo";21;""
"inégalitaire";"inégalitair";21;""
"iphone";"iphon";21;""
"malo";"malo";21;""
"melun";"melun";21;""
"meta";"met";21;""
"modi";"mod";21;""
"netto";"netto";21;""
"npd";"npd";21;""
"pmi";"pmi";21;""
"quid";"quid";21;""
"raul";"raul";21;""
"reserve";"reserv";21;""
"rolland";"rolland";21;""
"roumanie";"rouman";21;""
"tassel";"tassel";21;""
"tiny";"tiny";21;""
"xixe";"xix";21;""
"bhf";"bhf";20;""
"cio";"cio";20;""
"cnbc";"cnbc";20;""
"conjoncturels";"conjoncturel";20;""
"conjoncturistes";"conjonctur";20;""
"corée";"cor";20;""
"décélère";"décéler";20;""
"démondialisation";"démondialis";20;""
"désinflationniste";"désinflation";20;""
"economic";"economic";20;""
"égypte";"égypt";20;""
"exogènes";"exogen";20;""
"fcpe";"fcpe";20;""
"figeac";"figeac";20;""
"fourquet";"fourquet";20;""
"gayraud";"gayraud";20;""
"hcfp";"hcfp";20;""
"hébel";"hébel";20;""
"high";"high";20;""
"hypers";"hyper";20;""
"ille";"ille";20;""
"intercommunalité";"intercommunal";20;""
"investment";"investment";20;""
"léa";"lé";20;""
"med";"med";20;""
"meurthe";"meurth";20;""
"mninflation";"mninflat";20;""
"montreuil";"montreuil";20;""
"nutella";"nutel";20;""
"partners";"partner";20;""
"pepsico";"pepsico";20;""
"prospectives";"prospect";20;""
"securities";"securit";20;""
"ségur";"ségur";20;""
"sintra";"sintr";20;""
"smartphones";"smartphon";20;""
"solideo";"solideo";20;""
"spread";"spread";20;""
"tarn";"tarn";20;""
"toyota";"toyot";20;""
"umih";"umih";20;""
"versailles";"versaill";20;""
"walmart";"walmart";20;""
"yo";"yo";20;""
"adrien";"adrien";19;""
"antigaspi";"antigasp";19;""
"arino";"arino";19;""
"arthur";"arthur";19;""
"aurélien";"aurélien";19;""
"aussipour";"aussipour";19;""
"cnrs";"cnr";19;""
"cryptos";"cryptos";19;""
"csa";"csa";19;""
"cumulent";"cumulent";19;""
"delhi";"delh";19;""
"durand";"durand";19;""
"émilie";"émil";19;""
"emmanuelle";"emmanuel";19;""
"ends";"end";19;""
"fernandez";"fernand";19;""
"frédérique";"fréder";19;""
"giorgia";"giorgi";19;""
"ir";"ir";19;""
"kastler";"kastl";19;""
"keynes";"keyn";19;""
"kiev";"kiev";19;""
"led";"led";19;""
"lindt";"lindt";19;""
"meyer";"mei";19;""
"mitterrand";"mitterrand";19;""
"pass";"pass";19;""
"peterson";"peterson";19;""
"project";"project";19;""
"réassureurs";"réassureur";19;""
"rémy";"rémy";19;""
"samuel";"samuel";19;""
"slovaquie";"slovaqu";19;""
"stiglitz";"stiglitz";19;""
"treasuries";"treasur";19;""
"unsa";"unsa";19;""
"véran";"véran";19;""
"vittori";"vittor";19;""
"worldpanel";"worldpanel";19;""
"adn";"adn";18;""
"anglo";"anglo";18;""
"appli";"appli";18;""
"atacadao";"atacadao";18;""
"aussihausse";"aussihauss";18;""
"bénédicte";"bénédict";18;""
"better";"bet";18;""
"bund";"bund";18;""
"carlos";"carlos";18;""
"cdc";"cdc";18;""
"champeil";"champeil";18;""
"charente";"charent";18;""
"core";"cor";18;""
"csg";"csg";18;""
"deniz";"deniz";18;""
"énergivore";"énergivor";18;""
"fabienne";"fabien";18;""
"gaël";"gaël";18;""
"gaudens";"gauden";18;""
"ht";"ht";18;""
"impacter";"impact";18;""
"is";"is";18;""
"laëtitia";"laëtiti";18;""
"lula";"lul";18;""
"maine";"main";18;""
"park";"park";18;""
"patricia";"patrici";18;""
"pay";"pay";18;""
"price";"pric";18;""
"prou";"prou";18;""
"quéré";"quer";18;""
"résiliente";"résilient";18;""
"revalorisée";"revaloris";18;""
"sampognaro";"sampognaro";18;""
"sandra";"sandr";18;""
"sergio";"sergio";18;""
"subprimes";"subprim";18;""
"surprofits";"surprofit";18;""
"telecom";"telecom";18;""
"unpi";"unpi";18;""
"venezuela";"venezuel";18;""
"vérier";"véri";18;""
"villeneuve";"villeneuv";18;""
"vinci";"vinc";18;""
"vœux";"vœux";18;""
"yon";"yon";18;""
"al";"al";17;""
"angers";"anger";17;""
"antonio";"antonio";17;""
"ariège";"arieg";17;""
"asf";"asf";17;""
"aude";"aud";17;""
"aveyron";"aveyron";17;""
"biero";"biero";17;""
"bolsonaro";"bolsonaro";17;""
"brigitte";"brigitt";17;""
"build";"build";17;""
"cgm";"cgm";17;""
"ciblant";"cibl";17;""
"cnn";"cnn";17;""
"compositrices";"compositric";17;""
"darmanin";"darmanin";17;""
"darmet";"darmet";17;""
"décollecte";"décollect";17;""
"ecole";"ecol";17;""
"facts";"fact";17;""
"ford";"ford";17;""
"gers";"ger";17;""
"groupama";"groupam";17;""
"guindos";"guindos";17;""
"hérault";"hérault";17;""
"ilec";"ilec";17;""
"impactée";"impact";17;""
"juliette";"juliet";17;""
"kering";"kering";17;""
"labellisés";"labellis";17;""
"laura";"laur";17;""
"lci";"lci";17;""
"liban";"liban";17;""
"lrem";"lrem";17;""
"mayenne";"mayen";17;""
"merkel";"merkel";17;""
"money";"money";17;""
"odier";"odi";17;""
"pouyanné";"pouyann";17;""
"refinancer";"refinanc";17;""
"sanofi";"sanof";17;""
"sarthe";"sarth";17;""
"trading";"trading";17;""
"uber";"uber";17;""
"uc";"uc";17;""
"vulnérabilités";"vulner";17;""
"adam";"adam";16;""
"agen";"agen";16;""
"ali";"ali";16;""
"anthony";"anthony";16;""
"brainard";"brainard";16;""
"bulgarie";"bulgar";16;""
"cfd";"cfd";16;""
"doubs";"doub";16;""
"douret";"douret";16;""
"ecalle";"ecall";16;""
"équipementiers";"équipementi";16;""
"étienne";"étien";16;""
"ffb";"ffb";16;""
"finlande";"finland";16;""
"francilien";"francilien";16;""
"gamble";"gambl";16;""
"grenoble";"grenobl";16;""
"gueydon";"gueydon";16;""
"heineken";"heineken";16;""
"ipp";"ipp";16;""
"jaurès";"jaures";16;""
"kwh";"kwh";16;""
"lael";"lael";16;""
"lannion";"lannion";16;""
"leboncoin";"leboncoin";16;""
"loa";"lo";16;""
"macif";"macif";16;""
"marx";"marx";16;""
"meloni";"melon";16;""
"monique";"moniqu";16;""
"muriel";"muriel";16;""
"neoma";"neom";16;""
"pap";"pap";16;""
"pénalisées";"pénalis";16;""
"procter";"proct";16;""
"qe";"qe";16;""
"réindustrialisation";"réindustrialis";16;""
"rémi";"rem";16;""
"ricard";"ricard";16;""
"rosenthal";"rosenthal";16;""
"statistics";"statistic";16;""
"stefan";"stefan";16;""
"stream";"stream";16;""
"syndicate";"syndicat";16;""
"thales";"thal";16;""
"tltro";"tltro";16;""
"tony";"tony";16;""
"ünal";"ünal";16;""
"verdeau";"verdeau";16;""
"viktor";"viktor";16;""
"vitry";"vitry";16;""
"wti";"wti";16;""
"xxe";"xxe";16;""
"yield";"yield";16;""
"ad";"ad";15;""
"albi";"albi";15;""
"ankara";"ankar";15;""
"artificialisation";"artificialis";15;""
"aussien";"aussien";15;""
"bitcoins";"bitcoin";15;""
"blablacar";"blablacar";15;""
"boulogne";"boulogn";15;""
"braun";"braun";15;""
"bruegel";"bruegel";15;""
"chirac";"chirac";15;""
"chocolatiers";"chocolati";15;""
"cofidis";"cofid";15;""
"compétitives";"compétit";15;""
"déciles";"décil";15;""
"désindexation";"désindex";15;""
"elabe";"elab";15;""
"enag";"enag";15;""
"exposants";"expos";15;""
"foundation";"foundat";15;""
"franciliennes";"francilien";15;""
"gard";"gard";15;""
"gita";"git";15;""
"globales";"global";15;""
"gnl";"gnl";15;""
"gopinath";"gopinath";15;""
"hamas";"ham";15;""
"hébergements";"héberg";15;""
"hubert";"hubert";15;""
"iii";"iii";15;""
"imran";"imran";15;""
"innovantes";"innov";15;""
"jaravel";"jaravel";15;""
"josé";"jos";15;""
"kiabi";"kiab";15;""
"klaas";"kla";15;""
"klein";"klein";15;""
"locatifs";"locat";15;""
"lucie";"luc";15;""
"minimas";"minim";15;""
"monétisation";"monétis";15;""
"montbéliard";"montbéliard";15;""
"panorabanques";"panorabanqu";15;""
"pénalisent";"pénalisent";15;""
"pierrick";"pierrick";15;""
"plfr";"plfr";15;""
"policy";"policy";15;""
"ppi";"ppi";15;""
"quentin";"quentin";15;""
"reconditionnés";"recondition";15;""
"rtt";"rtt";15;""
"schneider";"schneid";15;""
"séverine";"séverin";15;""
"shirts";"shirt";15;""
"simsek";"simsek";15;""
"smb";"smb";15;""
"sodiaal";"sodiaal";15;""
"sœur";"sœur";15;""
"stanislas";"stanisl";15;""
"startup";"startup";15;""
"surréagir";"surréag";15;""
"suv";"suv";15;""
"tapering";"tapering";15;""
"téhéran";"téhéran";15;""
"thatcher";"thatch";15;""
"tunis";"tun";15;""
"verdissement";"verd";15;""
"verdun";"verdun";15;""
"weidmann";"weidmann";15;""
"yohann";"yohann";15;""
"alan";"alan";14;""
"alixpartners";"alixpartner";14;""
"alsace";"alsac";14;""
"astérix";"astérix";14;""
"audrey";"audrey";14;""
"bild";"bild";14;""
"bls";"bl";14;""
"brothers";"brother";14;""
"buy";"buy";14;""
"cazenave";"cazenav";14;""
"chipoy";"chipoy";14;""
"christelle";"christel";14;""
"défiscalisation";"défiscalis";14;""
"dgf";"dgf";14;""
"diaz";"diaz";14;""
"echiquier";"echiqui";14;""
"électroménagers";"électroménager";14;""
"elizabeth";"elizabeth";14;""
"erkan";"erkan";14;""
"evidemment";"evident";14;""
"feuerstein";"feuerstein";14;""
"fevad";"fevad";14;""
"fipeco";"fipeco";14;""
"florian";"florian";14;""
"fortuneo";"fortuneo";14;""
"francis";"franc";14;""
"génèrent";"gen";14;""
"gpa";"gpa";14;""
"hedge";"hedg";14;""
"huet";"huet";14;""
"ingrid";"ingrid";14;""
"interprofessionnel";"interprofessionnel";14;""
"isf";"isf";14;""
"jan";"jan";14;""
"jeanne";"jeann";14;""
"johan";"johan";14;""
"karine";"karin";14;""
"krugman";"krugman";14;""
"laval";"laval";14;""
"leroux";"leroux";14;""
"lô";"lô";14;""
"luna";"lun";14;""
"maastricht";"maastricht";14;""
"macsf";"macsf";14;""
"mehmet";"mehmet";14;""
"mercer";"merc";14;""
"michèle";"michel";14;""
"moneyvox";"moneyvox";14;""
"morin";"morin";14;""
"mulliez";"mull";14;""
"musk";"musk";14;""
"nadine";"nadin";14;""
"nicole";"nicol";14;""
"œuf";"œuf";14;""
"pandémique";"pandem";14;""
"peugeot";"peugeot";14;""
"plafonnés";"plafon";14;""
"primark";"primark";14;""
"qatar";"qatar";14;""
"reagan";"reagan";14;""
"rémunérée";"rémuner";14;""
"resolution";"resolu";14;""
"ressourcerie";"ressourcer";14;""
"sephora";"sephor";14;""
"silva";"silv";14;""
"simpl";"simpl";14;""
"thaïlande";"thaïland";14;""
"tisséo";"tisséo";14;""
"too";"too";14;""
"trichet";"trichet";14;""
"tweet";"tweet";14;""
"unitaires";"unitair";14;""
"veolia";"veoli";14;""
"zemmour";"zemmour";14;""
"afer";"afer";13;""
"affrique";"affriqu";13;""
"alice";"alic";13;""
"allen";"allen";13;""
"anna";"anna";13;""
"arbitrent";"arbitrent";13;""
"barraud";"barraud";13;""
"basildon";"basildon";13;""
"bbc";"bbc";13;""
"bcr";"bcr";13;""
"bonduelle";"bonduel";13;""
"boursorama";"boursoram";13;""
"cae";"ca";13;""
"camizon";"camizon";13;""
"cashback";"cashback";13;""
"cdi";"cdi";13;""
"chevée";"chev";13;""
"chloé";"chlo";13;""
"cl";"cl";13;""
"cojo";"cojo";13;""
"colijn";"colijn";13;""
"dax";"dax";13;""
"déconfinement";"déconfin";13;""
"drouin";"drouin";13;""
"ème";"ème";13;""
"euler";"eul";13;""
"faure";"faur";13;""
"faurecia";"faureci";13;""
"festifs";"festif";13;""
"foods";"food";13;""
"fragilisées";"fragilis";13;""
"gaye";"gay";13;""
"general";"general";13;""
"george";"georg";13;""
"géraldine";"géraldin";13;""
"gregory";"gregory";13;""
"hermes";"herm";13;""
"hoibian";"hoibian";13;""
"iéseg";"iéseg";13;""
"incompressibles";"incompressibl";13;""
"inflations";"inflat";13;""
"jair";"jair";13;""
"jdd";"jdd";13;""
"jpmorgan";"jpmorgan";13;""
"labor";"labor";13;""
"lehman";"lehman";13;""
"lévy";"lévy";13;""
"liabeuf";"liabeuf";13;""
"lisa";"lis";13;""
"lisbonne";"lisbon";13;""
"lld";"lld";13;""
"macronie";"macron";13;""
"malakoff";"malakoff";13;""
"malpass";"malpass";13;""
"manon";"manon";13;""
"markets";"market";13;""
"montauban";"montauban";13;""
"msa";"msa";13;""
"myriam";"myriam";13;""
"naturalia";"naturali";13;""
"olonne";"olon";13;""
"oney";"oney";13;""
"plfss";"plfss";13;""
"politologue";"politologu";13;""
"poor";"poor";13;""
"préengagées";"préengag";13;""
"protectionnistes";"protection";13;""
"ratios";"ratios";13;""
"rémunérant";"rémuner";13;""
"ricardo";"ricardo";13;""
"rosstat";"rosstat";13;""
"swiss";"swiss";13;""
"ttc";"ttc";13;""
"tutt";"tutt";13;""
"valorisées";"valoris";13;""
"varsovie";"varsov";13;""
"virgile";"virgil";13;""
"vosges";"vosg";13;""
"xerfi";"xerf";13;""
"xi";"xi";13;""
"xvi";"xvi";13;""
"aah";"aah";12;""
"actée";"acté";12;""
"ademe";"adem";12;""
"american";"american";12;""
"andy";"andy";12;""
"angel";"angel";12;""
"angela";"angel";12;""
"annie";"anni";12;""
"atlanta";"atlant";12;""
"aussiles";"aussil";12;""
"aussiroyaume";"aussiroyaum";12;""
"autrice";"autric";12;""
"baissière";"baissi";12;""
"bastien";"bastien";12;""
"bdo";"bdo";12;""
"besnier";"besni";12;""
"beyrouth";"beyrouth";12;""
"blackrock";"blackrock";12;""
"bœuf";"bœuf";12;""
"carhaix";"carhaix";12;""
"center";"cent";12;""
"cergy";"cergy";12;""
"chicago";"chicago";12;""
"college";"colleg";12;""
"commerzbank";"commerzbank";12;""
"cook";"cook";12;""
"corinne";"corinn";12;""
"cse";"cse";12;""
"cuba";"cub";12;""
"décarbonée";"décarbon";12;""
"décarboner";"décarbon";12;""
"domofrance";"domofr";12;""
"dordogne";"dordogn";12;""
"dove";"dov";12;""
"eelv";"eelv";12;""
"elon";"elon";12;""
"emma";"emma";12;""
"energy";"energy";12;""
"epargne";"epargn";12;""
"erwan";"erwan";12;""
"estelle";"estel";12;""
"exonérés";"exoner";12;""
"fesneau";"fesneau";12;""
"first";"first";12;""
"fnaim";"fnaim";12;""
"girard";"girard";12;""
"glaneurs";"glaneur";12;""
"gobain";"gobain";12;""
"hafize";"hafiz";12;""
"harmonisées";"harmonis";12;""
"inabordables";"inabord";12;""
"iq";"iq";12;""
"isère";"iser";12;""
"jacentes";"jacent";12;""
"jefferson";"jefferson";12;""
"jorge";"jorg";12;""
"josée";"jos";12;""
"kuroda";"kurod";12;""
"lavazza";"lavazz";12;""
"lcl";"lcl";12;""
"lefebvre";"lefebvr";12;""
"lenzing";"lenzing";12;""
"life";"lif";12;""
"london";"london";12;""
"lsa";"lsa";12;""
"maurice";"mauric";12;""
"metz";"metz";12;""
"michaël";"michaël";12;""
"mirabaud";"mirabaud";12;""
"mnpouvoir";"mnpouvoir";12;""
"mohamed";"mohamed";12;""
"montaigne";"montaign";12;""
"name";"nam";12;""
"ondam";"ondam";12;""
"panetta";"panet";12;""
"paulo";"paulo";12;""
"pérenniser";"pérennis";12;""
"red";"red";12;""
"réinvestissements";"réinvest";12;""
"restrictifs";"restrict";12;""
"reynolds";"reynold";12;""
"rh";"rh";12;""
"rodez";"rod";12;""
"roubaix";"roubaix";12;""
"ruralité";"rural";12;""
"ryanair";"ryanair";12;""
"shirt";"shirt";12;""
"smi";"smi";12;""
"taïwan";"taïwan";12;""
"touati";"touat";12;""
"toul";"toul";12;""
"valeo";"valeo";12;""
"vietnam";"vietnam";12;""
"warren";"warren";12;""
"zeitung";"zeitung";12;""
"zélande";"zéland";12;""
"abstentions";"abstent";11;""
"afd";"afd";11;""
"annick";"annick";11;""
"ariel";"ariel";11;""
"athènes";"athen";11;""
"aulnay";"aulnay";11;""
"aussicrise";"aussicris";11;""
"aussietats";"aussietat";11;""
"aussiune";"aussiun";11;""
"aussizone";"aussizon";11;""
"autoentrepreneurs";"autoentrepreneur";11;""
"béatrice";"béatric";11;""
"béchu";"béchu";11;""
"bergé";"berg";11;""
"blois";"blois";11;""
"bonial";"bonial";11;""
"caire";"cair";11;""
"call";"call";11;""
"capitalisations";"capitalis";11;""
"carmignac";"carmignac";11;""
"carnot";"carnot";11;""
"cathy";"cathy";11;""
"cdiscount";"cdiscount";11;""
"chaar";"chaar";11;""
"champier";"champi";11;""
"chéron";"chéron";11;""
"ciblent";"ciblent";11;""
"clara";"clar";11;""
"clcv";"clcv";11;""
"clermont";"clermont";11;""
"cohen";"cohen";11;""
"coluche";"coluch";11;""
"commercialise";"commercialis";11;""
"contreparties";"contrepart";11;""
"credoc";"credoc";11;""
"croo";"croo";11;""
"cumulées";"cumul";11;""
"dacia";"daci";11;""
"dassault";"dassault";11;""
"défiscalisées";"défiscalis";11;""
"désendetter";"désendet";11;""
"désindustrialisation";"désindustrialis";11;""
"di";"di";11;""
"disney";"disney";11;""
"dorioz";"dorioz";11;""
"ebitda";"ebitd";11;""
"economist";"economist";11;""
"élodie";"élod";11;""
"etam";"etam";11;""
"etant";"etant";11;""
"eure";"eur";11;""
"exonérée";"exoner";11;""
"fdj";"fdj";11;""
"fillon";"fillon";11;""
"fleury";"fleury";11;""
"flow";"flow";11;""
"forvia";"forvi";11;""
"forward";"forward";11;""
"fumio";"fumio";11;""
"gazprom";"gazprom";11;""
"générées";"géner";11;""
"giscard";"giscard";11;""
"impactent";"impactent";11;""
"instagram";"instagram";11;""
"intercités";"interc";11;""
"it";"it";11;""
"kiliçdaroglu";"kiliçdaroglu";11;""
"kishida";"kishid";11;""
"macedo";"macedo";11;""
"massachusetts";"massachuset";11;""
"maurin";"maurin";11;""
"mcdonald";"mcdonald";11;""
"meuse";"meus";11;""
"michelle";"michel";11;""
"michigan";"michigan";11;""
"mkg";"mkg";11;""
"mnl";"mnl";11;""
"narendra";"narendr";11;""
"noz";"noz";11;""
"panzani";"panzan";11;""
"pellets";"pellet";11;""
"pelouzet";"pelouzet";11;""
"pénibilité";"pénibil";11;""
"pepa";"pep";11;""
"per";"per";11;""
"plassard";"plassard";11;""
"pp";"pp";11;""
"promotionnels";"promotionnel";11;""
"protourisme";"protour";11;""
"purina";"purin";11;""
"raffineurs";"raffineur";11;""
"recyclerie";"recycler";11;""
"renégocié";"renégoci";11;""
"resserrements";"resserr";11;""
"retailleau";"retailleau";11;""
"ronald";"ronald";11;""
"ronne";"ron";11;""
"rouen";"rouen";11;""
"sabrina";"sabrin";11;""
"sam";"sam";11;""
"samy";"samy";11;""
"scolarisés";"scolaris";11;""
"shame";"sham";11;""
"so";"so";11;""
"sonia";"soni";11;""
"spf";"spf";11;""
"stephen";"stephen";11;""
"streaming";"streaming";11;""
"taylor";"taylor";11;""
"timothy";"timothy";11;""
"vanessa";"vaness";11;""
"vijlder";"vijld";11;""
"walsh";"walsh";11;""
"willie";"will";11;""
"world";"world";11;""
"yolanda";"yoland";11;""
"yougov";"yougov";11;""
"youtube";"youtub";11;""
"zan";"zan";11;""
"zara";"zar";11;""
"afghanistan";"afghanistan";10;""
"aft";"aft";10;""
"albis";"albis";10;""
"alexander";"alexand";10;""
"aussipourquoi";"aussipourquoi";10;""
"aussitaux";"aussital";10;""
"axelle";"axel";10;""
"bihan";"bihan";10;""
"billancourt";"billancourt";10;""
"boomers";"boomer";10;""
"brieuc";"brieuc";10;""
"caen";"caen";10;""
"caffet";"caffet";10;""
"candriam";"candriam";10;""
"capeb";"capeb";10;""
"cartier";"carti";10;""
"cetelem";"cetelem";10;""
"chris";"chris";10;""
"citigroup";"citigroup";10;""
"cme";"cme";10;""
"cnr";"cnr";10;""
"culpa";"culp";10;""
"daco";"daco";10;""
"davina";"davin";10;""
"décote";"décot";10;""
"défiscalisés";"défiscalis";10;""
"del";"del";10;""
"délocalisations";"délocalis";10;""
"denormandie";"denormand";10;""
"déo";"déo";10;""
"dgfip";"dgfip";10;""
"dioclétien";"dioclétien";10;""
"dr";"dr";10;""
"duval";"duval";10;""
"dvd";"dvd";10;""
"elvira";"elvir";10;""
"equinix";"equinix";10;""
"équipementier";"équipementi";10;""
"esg";"esg";10;""
"essec";"essec";10;""
"eurosystème";"eurosystem";10;""
"ey";"ey";10;""
"federal";"federal";10;""
"festivaliers";"festivali";10;""
"fintech";"fintech";10;""
"focalisée";"focalis";10;""
"fractionnés";"fraction";10;""
"francisco";"francisco";10;""
"gafa";"gaf";10;""
"garcia";"garci";10;""
"glen";"glen";10;""
"grant";"grant";10;""
"grosso";"grosso";10;""
"guyot";"guyot";10;""
"habeck";"habeck";10;""
"haruhiko";"haruhiko";10;""
"havelaar";"havelaar";10;""
"hétérodoxe";"hétérodox";10;""
"hiault";"hiault";10;""
"ifi";"ifi";10;""
"ifw";"ifw";10;""
"indexant";"index";10;""
"indre";"indre";10;""
"injectées";"inject";10;""
"jamie";"jam";10;""
"jimmy";"jimmy";10;""
"jousseaume";"jousseaum";10;""
"kacimi";"kacim";10;""
"kenneth";"kenneth";10;""
"kenningham";"kenningham";10;""
"kevin";"kevin";10;""
"kiri";"kir";10;""
"legrand";"legrand";10;""
"légumineuses";"légumin";10;""
"libellés";"libel";10;""
"linkedin";"linkedin";10;""
"louise";"louis";10;""
"lucas";"luc";10;""
"manchester";"manchest";10;""
"manchin";"manchin";10;""
"marcilly";"marcilly";10;""
"mea";"me";10;""
"mecachrome";"mecachrom";10;""
"médiathèque";"médiathequ";10;""
"millau";"millau";10;""
"mireille";"mireil";10;""
"montchalin";"montchalin";10;""
"naouri";"naour";10;""
"nessim";"nessim";10;""
"nutri";"nutr";10;""
"paks";"pak";10;""
"pêle";"pêl";10;""
"perret";"perret";10;""
"pinel";"pinel";10;""
"plébiscitent";"plébiscitent";10;""
"polluantes";"pollu";10;""
"pontoise";"pontois";10;""
"précarisation";"précaris";10;""
"psoe";"pso";10;""
"purchase";"purchas";10;""
"quintile";"quintil";10;""
"rd";"rd";10;""
"rey";"rey";10;""
"rio";"rio";10;""
"robotisation";"robotis";10;""
"roissy";"roissy";10;""
"rollin";"rollin";10;""
"rse";"rse";10;""
"semestriels";"semestriel";10;""
"shopmium";"shopmium";10;""
"sicav";"sicav";10;""
"sine";"sin";10;""
"smcp";"smcp";10;""
"smith";"smith";10;""
"sony";"sony";10;""
"spd";"spd";10;""
"stanley";"stanley";10;""
"steven";"steven";10;""
"studies";"stud";10;""
"télécom";"télécom";10;""
"tiktok";"tiktok";10;""
"tourdjman";"tourdjman";10;""
"tuc";"tuc";10;""
"variants";"vari";10;""
"végétalisation";"végétalis";10;""
"vi";"vi";10;""
"vidal";"vidal";10;""
"wagner";"wagn";10;""
"whatsapp";"whatsapp";10;""
"acter";"acter";9;""
"aït";"aït";9;""
"alexia";"alexi";9;""
"amiens";"amien";9;""
"amsterdam";"amsterdam";9;""
"amundi";"amund";9;""
"analytics";"analytic";9;""
"angeles";"angel";9;""
"annabelle";"annabel";9;""
"antony";"antony";9;""
"appliqueront";"appliqu";9;""
"argedis";"arged";9;""
"asselin";"asselin";9;""
"aussiturquie";"aussiturqu";9;""
"azotés";"azot";9;""
"balboni";"balbon";9;""
"bâle";"bâl";9;""
"barilla";"barill";9;""
"basile";"basil";9;""
"benassy";"benassy";9;""
"berenberg";"berenberg";9;""
"boosté";"boost";9;""
"bourdil";"bourdil";9;""
"bradés";"brad";9;""
"brian";"brian";9;""
"budapest";"budapest";9;""
"calviño";"calviño";9;""
"carcassonne";"carcasson";9;""
"cdd";"cdd";9;""
"cepremap";"cepremap";9;""
"cholet";"cholet";9;""
"citi";"cit";9;""
"cnews";"cnew";9;""
"collaboratif";"collabor";9;""
"colombie";"colomb";9;""
"confédérale";"confédéral";9;""
"cougard";"cougard";9;""
"courson";"courson";9;""
"cp";"cp";9;""
"créteil";"créteil";9;""
"cryptomonnaie";"cryptomonnai";9;""
"csp";"csp";9;""
"debar";"debar";9;""
"deliveroo";"deliveroo";9;""
"discounteurs";"discounteur";9;""
"dsf";"dsf";9;""
"dublin";"dublin";9;""
"dumont";"dumont";9;""
"dupont";"dupont";9;""
"ecomiam";"ecomiam";9;""
"écoresponsable";"écorespons";9;""
"equity";"equity";9;""
"estaing";"estaing";9;""
"european";"european";9;""
"fabre";"fabr";9;""
"fitoussi";"fitouss";9;""
"fnab";"fnab";9;""
"ftse";"ftse";9;""
"gaston";"gaston";9;""
"grigny";"grigny";9;""
"guérin";"guérin";9;""
"hippolyte";"hippolyt";9;""
"iata";"iat";9;""
"igf";"igf";9;""
"indonésie";"indones";9;""
"jennifer";"jennif";9;""
"jérémy";"jérémy";9;""
"jinping";"jinping";9;""
"jp";"jp";9;""
"kammer";"kamm";9;""
"kazakhstan";"kazakhstan";9;""
"keynésienne";"keynésien";9;""
"labeyrie";"labeyr";9;""
"lafayette";"lafayet";9;""
"lasalle";"lasall";9;""
"lisieux";"lisieux";9;""
"loiret";"loiret";9;""
"lolivier";"lolivi";9;""
"lydia";"lydi";9;""
"macri";"macr";9;""
"macronistes";"macron";9;""
"maghreb";"maghreb";9;""
"martinique";"martin";9;""
"mathilde";"mathild";9;""
"mauricio";"mauricio";9;""
"médico";"médico";9;""
"mehdi";"mehd";9;""
"mnukraine";"mnukrain";9;""
"monétaristes";"monétar";9;""
"motors";"motor";9;""
"mugabe";"mugab";9;""
"mutualiser";"mutualis";9;""
"nadège";"nadeg";9;""
"nahel";"nahel";9;""
"network";"network";9;""
"nixon";"nixon";9;""
"no";"no";9;""
"nogent";"nogent";9;""
"nomura";"nomur";9;""
"nourat";"nourat";9;""
"pablo";"pablo";9;""
"pénalisant";"pénalis";9;""
"pénalisante";"pénalis";9;""
"pereira";"pereir";9;""
"perifem";"perifem";9;""
"périgueux";"périgu";9;""
"poilâne";"poilân";9;""
"pompidou";"pompidou";9;""
"ppv";"ppv";9;""
"préconisations";"préconis";9;""
"presqu";"presqu";9;""
"prévert";"prévert";9;""
"protectionniste";"protection";9;""
"pwc";"pwc";9;""
"ratings";"rating";9;""
"représentativité";"représentat";9;""
"republic";"republic";9;""
"rueff";"rueff";9;""
"sacha";"sach";9;""
"saisonnalité";"saisonnal";9;""
"schäuble";"schäubl";9;""
"seloger";"selog";9;""
"shop";"shop";9;""
"singapour";"singapour";9;""
"sodebo";"sodebo";9;""
"soutenables";"souten";9;""
"stoxx";"stoxx";9;""
"tax";"tax";9;""
"tendancielle";"tendanciel";9;""
"thérèse";"théres";9;""
"tpi";"tpi";9;""
"trésoreries";"trésorer";9;""
"tüik";"tüik";9;""
"turgot";"turgot";9;""
"uk";"uk";9;""
"ultralibéral";"ultralibéral";9;""
"unédic";"unédic";9;""
"valette";"valet";9;""
"vallois";"vallois";9;""
"ve";"ve";9;""
"ways";"way";9;""
"weber";"web";9;""
"xiii";"xii";9;""
"yvon";"yvon";9;""
"zouari";"zouar";9;""
"abad";"abad";8;""
"accise";"accis";8;""
"actées";"acté";8;""
"aesh";"aesh";8;""
"alfred";"alfred";8;""
"algérie";"alger";8;""
"alixio";"alixio";8;""
"allouées";"allou";8;""
"alvarez";"alvar";8;""
"ano";"ano";8;""
"applis";"applis";8;""
"ash";"ash";8;""
"assagissement";"assag";8;""
"atp";"atp";8;""
"aujour";"aujour";8;""
"aussiallemagne";"aussiallemagn";8;""
"auteuil";"auteuil";8;""
"bad";"bad";8;""
"bagneux";"bagneux";8;""
"bapif";"bapif";8;""
"beaugas";"beaug";8;""
"bellanger";"bellang";8;""
"bernier";"berni";8;""
"blesson";"blesson";8;""
"bnpl";"bnpl";8;""
"bozio";"bozio";8;""
"bqp";"bqp";8;""
"briand";"briand";8;""
"brice";"bric";8;""
"bullard";"bullard";8;""
"burns";"burn";8;""
"caba";"cab";8;""
"cagnottage";"cagnottag";8;""
"cdg";"cdg";8;""
"chapuis";"chapuis";8;""
"chartres";"chartr";8;""
"cherpas";"cherp";8;""
"chrysler";"chrysl";8;""
"cice";"cic";8;""
"clayes";"clay";8;""
"cnm";"cnm";8;""
"contributeurs";"contributeur";8;""
"coquerel";"coquerel";8;""
"cotentin";"cotentin";8;""
"couet";"couet";8;""
"cre";"cre";8;""
"cybersécurité";"cybersécur";8;""
"dales";"dal";8;""
"damoclès";"damocles";8;""
"danemark";"danemark";8;""
"daniela";"daniel";8;""
"dijon";"dijon";8;""
"dopées";"dop";8;""
"dpe";"dpe";8;""
"drôme";"drôm";8;""
"duty";"duty";8;""
"dws";"dw";8;""
"easyjet";"easyjet";8;""
"écono";"écono";8;""
"emrys";"emry";8;""
"envi";"envi";8;""
"estanguet";"estanguet";8;""
"fdsea";"fdse";8;""
"fisher";"fish";8;""
"flation";"flation";8;""
"floride";"florid";8;""
"foir";"foir";8;""
"fontenay";"fontenay";8;""
"forint";"forint";8;""
"formateurs";"formateur";8;""
"fortiori";"fortior";8;""
"fund";"fund";8;""
"gaillac";"gaillac";8;""
"gautier";"gauti";8;""
"godeluck";"godeluck";8;""
"guadeloupe";"guadeloup";8;""
"gucci";"gucc";8;""
"hamon";"hamon";8;""
"happyvore";"happyvor";8;""
"héloïse";"héloïs";8;""
"homeexchange";"homeexchang";8;""
"ia";"ia";8;""
"impactant";"impact";8;""
"indexations";"index";8;""
"influenceurs";"influenceur";8;""
"interprofession";"interprofess";8;""
"investors";"investor";8;""
"ipca";"ipca";8;""
"istat";"istat";8;""
"jeff";"jeff";8;""
"jessica";"jessic";8;""
"karim";"karim";8;""
"kazuo";"kazuo";8;""
"kemal";"kemal";8;""
"kenya";"keni";8;""
"kippour";"kippour";8;""
"kuhanathan";"kuhanathan";8;""
"lacroix";"lacroix";8;""
"lary";"lary";8;""
"lecornu";"lecornu";8;""
"lefèvre";"lefevr";8;""
"leïla";"leïl";8;""
"lons";"lon";8;""
"lustman";"lustman";8;""
"macroniste";"macron";8;""
"magali";"magal";8;""
"maillage";"maillag";8;""
"malika";"malik";8;""
"marcelo";"marcelo";8;""
"margaret";"margaret";8;""
"maur";"maur";8;""
"mcdo";"mcdo";8;""
"meaux";"meau";8;""
"meilleurtaux";"meilleurtal";8;""
"mélanie";"mélan";8;""
"meti";"met";8;""
"michon";"michon";8;""
"midterms";"midterm";8;""
"minelli";"minel";8;""
"moec";"moec";8;""
"mohammed";"mohammed";8;""
"mondialisée";"mondialis";8;""
"monétarisme";"monétar";8;""
"monétiser";"monétis";8;""
"monnet";"monnet";8;""
"moreira";"moreir";8;""
"moscovici";"moscovic";8;""
"mpc";"mpc";8;""
"mt";"mt";8;""
"multilatérales";"multilatéral";8;""
"mustafa";"mustaf";8;""
"mutricy";"mutricy";8;""
"mutualiste";"mutual";8;""
"nabioullina";"nabioullin";8;""
"nazaire";"nazair";8;""
"ndiaye";"ndiay";8;""
"nobile";"nobil";8;""
"ofgem";"ofgem";8;""
"oliveau";"oliveau";8;""
"one";"one";8;""
"otan";"otan";8;""
"ouigo";"ouigo";8;""
"oxfam";"oxfam";8;""
"pannier";"panni";8;""
"panquiault";"panquiault";8;""
"pantheon";"pantheon";8;""
"pcb";"pcb";8;""
"percevront";"percevront";8;""
"péremption";"pérempt";8;""
"perrin";"perrin";8;""
"personnalisés";"personnalis";8;""
"pimkie";"pimk";8;""
"plébiscitée";"plébiscit";8;""
"plui";"plui";8;""
"privat";"privat";8;""
"prudentiel";"prudentiel";8;""
"psa";"psa";8;""
"py";"py";8;""
"qubic";"qubic";8;""
"rachel";"rachel";8;""
"raingeard";"raingeard";8;""
"rationnements";"ration";8;""
"ray";"ray";8;""
"rcn";"rcn";8;""
"relocaliser";"relocalis";8;""
"répercutera";"répercut";8;""
"replay";"replay";8;""
"reuilly";"reuilly";8;""
"rib";"rib";8;""
"rième";"riem";8;""
"riksbank";"riksbank";8;""
"rodolphe";"rodolph";8;""
"rolling";"rolling";8;""
"runacher";"runach";8;""
"sabine";"sabin";8;""
"samsung";"samsung";8;""
"sánchez";"sánchez";8;""
"savary";"savary";8;""
"scrutées";"scrut";8;""
"shanghaï";"shanghaï";8;""
"sharif";"sharif";8;""
"sms";"sm";8;""
"socioprofessionnelles";"socioprofessionnel";8;""
"solveig";"solveig";8;""
"sondées";"sond";8;""
"starbucks";"starbuck";8;""
"stockholm";"stockholm";8;""
"stuffing";"stuffing";8;""
"superéthanol";"superéthanol";8;""
"surépargne";"surépargn";8;""
"syndex";"syndex";8;""
"target";"target";8;""
"task";"task";8;""
"tesco";"tesco";8;""
"thibaud";"thibaud";8;""
"thibault";"thibault";8;""
"ticpe";"ticp";8;""
"traders";"trader";8;""
"ueda";"ued";8;""
"university";"university";8;""
"urss";"urss";8;""
"ush";"ush";8;""
"vaucluse";"vauclus";8;""
"vingts";"vingt";8;""
"weekendesk";"weekendesk";8;""
"wolfgang";"wolfgang";8;""
"wright";"wright";8;""
"www";"www";8;""
"xxl";"xxl";8;""
"you";"you";8;""
"zeitoun";"zeitoun";8;""
"aaa";"aaa";7;""
"abdel";"abdel";7;""
"accor";"accor";7;""
"adsl";"adsl";7;""
"aéroportuaire";"aéroportuair";7;""
"aghion";"aghion";7;""
"agritel";"agritel";7;""
"amghar";"amghar";7;""
"amlo";"amlo";7;""
"angèle";"angel";7;""
"anjou";"anjou";7;""
"antilles";"antill";7;""
"antivols";"antivol";7;""
"aprr";"aprr";7;""
"arcelormittal";"arcelormittal";7;""
"argenteuil";"argenteuil";7;""
"arnault";"arnault";7;""
"audois";"audois";7;""
"aussiface";"aussifac";7;""
"aussifrance";"aussifr";7;""
"autoconsommation";"autoconsomm";7;""
"automaticité";"automat";7;""
"bell";"bel";7;""
"bellile";"bellil";7;""
"bénéficieraient";"bénéfici";7;""
"bernanke";"bernank";7;""
"bluebay";"bluebay";7;""
"boata";"boat";7;""
"boostent";"boostent";7;""
"bouny";"bouny";7;""
"bp";"bp";7;""
"broadbent";"broadbent";7;""
"brochard";"brochard";7;""
"brodart";"brodart";7;""
"bulgnéville";"bulgnévill";7;""
"cabau";"cabau";7;""
"cadastrales";"cadastral";7;""
"camburet";"camburet";7;""
"capgemini";"capgemin";7;""
"cau";"cau";7;""
"ccep";"ccep";7;""
"chain";"chain";7;""
"chartered";"chartered";7;""
"chélini";"chélin";7;""
"chevallier";"chevalli";7;""
"cimalpes";"cimalp";7;""
"claudia";"claudi";7;""
"cnuced";"cnuced";7;""
"colgate";"colgat";7;""
"commercialisés";"commercialis";7;""
"company";"company";7;""
"connait";"con";7;""
"consulting";"consulting";7;""
"corbeil";"corbeil";7;""
"corrélé";"correl";7;""
"corum";"corum";7;""
"costa";"cost";7;""
"coty";"coty";7;""
"coûtants";"coût";7;""
"crt";"crt";7;""
"danièle";"daniel";7;""
"darren";"darren";7;""
"das";"das";7;""
"deauville";"deauvill";7;""
"delahaye";"delahay";7;""
"delatte";"delatt";7;""
"delors";"delor";7;""
"déloyales";"déloyal";7;""
"déréférencement";"déréférenc";7;""
"détaillent";"détaillent";7;""
"dimon";"dimon";7;""
"disneyland";"disneyland";7;""
"diw";"diw";7;""
"drees";"dre";7;""
"ecologie";"ecolog";7;""
"edmond";"edmond";7;""
"egalement";"egal";7;""
"électoraliste";"électoral";7;""
"elsa";"elsa";7;""
"emilie";"emil";7;""
"endettent";"endettent";7;""
"enrique";"enriqu";7;""
"eurosceptique";"euroscept";7;""
"evergrande";"evergrand";7;""
"exportatrices";"export";7;""
"exportent";"exportent";7;""
"extremis";"extrem";7;""
"faivre";"faivr";7;""
"fanta";"fant";7;""
"fargo";"fargo";7;""
"feef";"feef";7;""
"ferracci";"ferracc";7;""
"financiarisation";"financiaris";7;""
"fiscalisés";"fiscalis";7;""
"floa";"flo";7;""
"fnhpa";"fnhpa";7;""
"fnmf";"fnmf";7;""
"friperies";"friper";7;""
"gafam";"gafam";7;""
"gambetta";"gambet";7;""
"gault";"gault";7;""
"gelencser";"gelencs";7;""
"généralisés";"généralis";7;""
"geneviève";"geneviev";7;""
"gennevilliers";"gennevilli";7;""
"ghana";"ghan";7;""
"gifi";"gif";7;""
"gmf";"gmf";7;""
"goetz";"goetz";7;""
"gonzales";"gonzal";7;""
"goodhart";"goodhart";7;""
"gosselin";"gosselin";7;""
"grady";"grady";7;""
"great";"great";7;""
"gremillet";"gremillet";7;""
"hambourg";"hambourg";7;""
"hamilton";"hamilton";7;""
"handelsblatt";"handelsblatt";7;""
"hautefort";"hautefort";7;""
"hénaff";"hénaff";7;""
"hoc";"hoc";7;""
"holzmann";"holzmann";7;""
"hong";"hong";7;""
"hve";"hve";7;""
"ice";"ice";7;""
"iliad";"iliad";7;""
"indec";"indec";7;""
"interbancaires";"interbancair";7;""
"intercommunale";"intercommunal";7;""
"intermédiation";"intermédi";7;""
"irving";"irving";7;""
"isaac";"isaac";7;""
"islamabad";"islamabad";7;""
"ivry";"ivry";7;""
"joubert";"joubert";7;""
"jouvhomme";"jouvhomm";7;""
"justin";"justin";7;""
"katia";"kati";7;""
"kong";"kong";7;""
"kozul";"kozul";7;""
"krakovitch";"krakovitch";7;""
"lacombe";"lacomb";7;""
"landeroin";"landeroin";7;""
"last";"last";7;""
"later";"lat";7;""
"lawrence";"lawrenc";7;""
"leduc";"leduc";7;""
"lemoine";"lemoin";7;""
"lescure";"lescur";7;""
"lotois";"lotois";7;""
"lunéville";"lunévill";7;""
"lydie";"lyd";7;""
"maël";"maël";7;""
"maje";"maj";7;""
"majorations";"major";7;""
"majoré";"major";7;""
"maprimerénov";"maprimerénov";7;""
"marionnaud";"marionnaud";7;""
"marjorie";"marjor";7;""
"marty";"marty";7;""
"mathias";"mathi";7;""
"maud";"maud";7;""
"maxence";"maxenc";7;""
"mayotte";"mayott";7;""
"mazier";"mazi";7;""
"mnguerre";"mnguerr";7;""
"mondialisées";"mondialis";7;""
"monetary";"monetary";7;""
"morel";"morel";7;""
"mournet";"mournet";7;""
"mutualisation";"mutualis";7;""
"mw";"mw";7;""
"nathan";"nathan";7;""
"neuilly";"neuilly";7;""
"nhs";"nh";7;""
"nicola";"nicol";7;""
"ninon";"ninon";7;""
"now";"now";7;""
"nuggets";"nugget";7;""
"oanda";"oand";7;""
"obsoco";"obsoco";7;""
"occi";"occi";7;""
"parthenon";"parthenon";7;""
"pea";"pe";7;""
"pélissier";"pélissi";7;""
"pelloli";"pellol";7;""
"pepsi";"peps";7;""
"phytosanitaires";"phytosanitair";7;""
"pimco";"pimco";7;""
"playstation";"playstat";7;""
"plébiscitées";"plébiscit";7;""
"pluriannuelle";"pluriannuel";7;""
"pluriannuels";"pluriannuel";7;""
"positionnant";"position";7;""
"positionnées";"position";7;""
"postpandémie";"postpandem";7;""
"prévost";"prévost";7;""
"primonial";"primonial";7;""
"princeton";"princeton";7;""
"prioritairement";"prioritair";7;""
"privilégiez";"privileg";7;""
"prohibitifs";"prohibit";7;""
"protected";"protected";7;""
"psg";"psg";7;""
"rauline";"raulin";7;""
"raymond";"raymond";7;""
"réduflation";"rédufl";7;""
"réindexation";"réindex";7;""
"reversés";"revers";7;""
"rioux";"rioux";7;""
"rolf";"rolf";7;""
"romanet";"romanet";7;""
"romeu";"romeu";7;""
"rothschild";"rothschild";7;""
"salomon";"salomon";7;""
"salvador";"salvador";7;""
"sao";"sao";7;""
"sarthois";"sarthois";7;""
"selin";"selin";7;""
"shaktikanta";"shaktikant";7;""
"sharon";"sharon";7;""
"shrink";"shrink";7;""
"slovénie";"sloven";7;""
"smpga";"smpga";7;""
"sociétales";"sociétal";7;""
"soudan";"soudan";7;""
"souillot";"souillot";7;""
"spac";"spac";7;""
"stains";"stain";7;""
"startups";"startup";7;""
"steve";"stev";7;""
"supeco";"supeco";7;""
"supérettes";"supéret";7;""
"supply";"supply";7;""
"syrie";"syr";7;""
"taclé";"tacl";7;""
"tavares";"tavar";7;""
"tea";"te";7;""
"tendanciellement";"tendanciel";7;""
"thibaut";"thibaut";7;""
"thompson";"thompson";7;""
"tikehau";"tikehau";7;""
"timothée";"timoth";7;""
"tion";"tion";7;""
"travel";"travel";7;""
"ttf";"ttf";7;""
"tucuman";"tucuman";7;""
"umut";"umut";7;""
"valéry";"valéry";7;""
"végane";"végan";7;""
"vélizy";"vélizy";7;""
"verallia";"veralli";7;""
"vertbaudet";"vertbaudet";7;""
"veyrier";"veyri";7;""
"vientiane";"vientian";7;""
"villefranche";"villefranch";7;""
"volker";"volk";7;""
"voyagistes";"voyag";7;""
"vtc";"vtc";7;""
"vuitton";"vuitton";7;""
"wauquiez";"wauqu";7;""
"wells";"wel";7;""
"wood";"wood";7;""
"zhang";"zhang";7;""
"zhiwei";"zhiwei";7;""
"abis";"abis";6;""
"abritel";"abritel";6;""
"accéléreront";"accéler";6;""
"accenture";"accentur";6;""
"acpr";"acpr";6;""
"addactis";"addact";6;""
"adoue";"adou";6;""
"advisory";"advisory";6;""
"ahmed";"ahmed";6;""
"alarment";"alarment";6;""
"alex";"alex";6;""
"alexeï";"alexeï";6;""
"alfortville";"alfortvill";6;""
"allgemeine";"allgemein";6;""
"alpina";"alpin";6;""
"alterfood";"alterfood";6;""
"altice";"altic";6;""
"altiservice";"altiservic";6;""
"amora";"amor";6;""
"andes";"ande";6;""
"annecy";"annecy";6;""
"annus";"annus";6;""
"apec";"apec";6;""
"arbitrable";"arbitr";6;""
"arkema";"arkem";6;""
"armin";"armin";6;""
"arte";"arte";6;""
"audincourt";"audincourt";6;""
"auray";"auray";6;""
"aurel";"aurel";6;""
"aussiau";"aussiau";6;""
"aussibanque";"aussibanqu";6;""
"aussibudget";"aussibudget";6;""
"aussifed";"aussifed";6;""
"autoentrepreneur";"autoentrepreneur";6;""
"autoréalisatrices";"autoréalis";6;""
"aveyronnaise";"aveyronnais";6;""
"avionneur";"avionneur";6;""
"aviragnet";"aviragnet";6;""
"ayrault";"ayrault";6;""
"bagnolet";"bagnolet";6;""
"bali";"bal";6;""
"bangkok";"bangkok";6;""
"barbie";"barb";6;""
"barcelone";"barcelon";6;""
"batignolles";"batignoll";6;""
"bauer";"bau";6;""
"baule";"baul";6;""
"bb";"bb";6;""
"bellon";"bellon";6;""
"bénassy";"bénassy";6;""
"berd";"berd";6;""
"berthelot";"berthelot";6;""
"bertin";"bertin";6;""
"beschizza";"beschizz";6;""
"bezos";"bezos";6;""
"bgc";"bgc";6;""
"biélorussie";"biéloruss";6;""
"biotech";"biotech";6;""
"biotechs";"biotech";6;""
"blockchain";"blockchain";6;""
"blouin";"blouin";6;""
"bmw";"bmw";6;""
"bodin";"bodin";6;""
"boh";"boh";6;""
"boisset";"boisset";6;""
"boostée";"boost";6;""
"borrell";"borrel";6;""
"bouchaud";"bouchaud";6;""
"bowman";"bowman";6;""
"boyer";"boi";6;""
"bretton";"bretton";6;""
"bronca";"bronc";6;""
"brown";"brown";6;""
"burn";"burn";6;""
"busson";"busson";6;""
"bva";"bva";6;""
"cadurcien";"cadurcien";6;""
"caillet";"caillet";6;""
"cantin";"cantin";6;""
"cardif";"cardif";6;""
"carenco";"carenco";6;""
"carias";"cari";6;""
"carine";"carin";6;""
"caron";"caron";6;""
"carstens";"carsten";6;""
"castéra";"caster";6;""
"cazeneuve";"cazeneuv";6;""
"cémoi";"cémoi";6;""
"ceoe";"ceo";6;""
"cesu";"cesu";6;""
"chaines";"chain";6;""
"champigneulles";"champigneull";6;""
"chanel";"chanel";6;""
"charal";"charal";6;""
"citroën";"citroën";6;""
"clairefontaine";"clairefontain";6;""
"cmo";"cmo";6;""
"coeuré";"coeur";6;""
"complexifie";"complexif";6;""
"conciliaprêt";"conciliaprêt";6;""
"conditionnalité";"conditionnal";6;""
"conflictualité";"conflictual";6;""
"contraignants";"contraign";6;""
"cooperl";"cooperl";6;""
"cordier";"cordi";6;""
"corrélée";"correl";6;""
"crnkovic";"crnkovic";6;""
"ct";"ct";6;""
"cua";"cu";6;""
"cyber";"cyb";6;""
"daily";"daily";6;""
"dayot";"dayot";6;""
"delhomme";"delhomm";6;""
"delvau";"delvau";6;""
"démarques";"démarqu";6;""
"désemplissent";"désempl";6;""
"désinflationnistes";"désinflation";6;""
"desouches";"desouch";6;""
"dior";"dior";6;""
"director";"director";6;""
"dixmier";"dixmi";6;""
"dmitri";"dmitr";6;""
"dopent";"dopent";6;""
"duclos";"duclos";6;""
"dumas";"dum";6;""
"easy";"easy";6;""
"ebuyclub";"ebuyclub";6;""
"écogestes";"écogest";6;""
"eglise";"eglis";6;""
"ehrhardt";"ehrhardt";6;""
"eiffel";"eiffel";6;""
"electric";"electric";6;""
"électro";"électro";6;""
"ellen";"ellen";6;""
"email";"email";6;""
"énergéticien";"énergéticien";6;""
"england";"england";6;""
"epr";"epr";6;""
"erik";"erik";6;""
"erwann";"erwann";6;""
"essentiem";"essentiem";6;""
"esser";"esser";6;""
"euroapi";"euroap";6;""
"eurogroupe";"eurogroup";6;""
"eurostar";"eurostar";6;""
"evans";"evan";6;""
"évelyne";"évelyn";6;""
"fanichet";"fanichet";6;""
"farandou";"farandou";6;""
"farooqi";"farooq";6;""
"favre";"favr";6;""
"fbf";"fbf";6;""
"fca";"fca";6;""
"fédère";"féder";6;""
"fernand";"fernand";6;""
"fertilisants";"fertilis";6;""
"fhp";"fhp";6;""
"fidesz";"fidesz";6;""
"fitzner";"fitzn";6;""
"foix";"foix";6;""
"fragilisant";"fragilis";6;""
"fragilisent";"fragilisent";6;""
"frankfurter";"frankfurt";6;""
"friggit";"frigg";6;""
"fsl";"fsl";6;""
"ftx";"ftx";6;""
"galbraith";"galbraith";6;""
"gallaine";"gallain";6;""
"gandhi";"gandh";6;""
"gasté";"gast";6;""
"gazoducs";"gazoduc";6;""
"geev";"geev";6;""
"geiger";"geig";6;""
"georg";"georg";6;""
"gervais";"gerv";6;""
"gestions";"gestion";6;""
"getir";"get";6;""
"gharbi";"gharb";6;""
"gheeraert";"gheeraert";6;""
"ghr";"ghr";6;""
"giles";"gil";6;""
"griveaux";"griveau";6;""
"gualeguaychu";"gualeguaychu";6;""
"guérande";"guérand";6;""
"gueugneau";"gueugneau";6;""
"happy";"happy";6;""
"harker";"hark";6;""
"harmonisée";"harmonis";6;""
"haussmann";"haussmann";6;""
"hcpf";"hcpf";6;""
"hébergeurs";"hébergeur";6;""
"hec";"hec";6;""
"hesse";"hess";6;""
"houses";"hous";6;""
"hugues";"hugu";6;""
"husson";"husson";6;""
"ian";"ian";6;""
"ifm";"ifm";6;""
"ifrap";"ifrap";6;""
"ilc";"ilc";6;""
"imerys";"imery";6;""
"immo";"immo";6;""
"inc";"inc";6;""
"industry";"industry";6;""
"inégalitaires";"inégalitair";6;""
"inès";"ines";6;""
"institutionnelles";"institutionnel";6;""
"interbancaire";"interbancair";6;""
"ipek";"ipek";6;""
"islamo";"islamo";6;""
"italia";"itali";6;""
"jacky";"jacky";6;""
"jacobs";"jacob";6;""
"janicaud";"janicaud";6;""
"jedliczka";"jedliczk";6;""
"jonas";"jon";6;""
"jordan";"jordan";6;""
"jouéclub";"jouéclub";6;""
"jousse";"jouss";6;""
"katz";"katz";6;""
"kévin";"kévin";6;""
"laforêt";"laforêt";6;""
"landel";"landel";6;""
"laurin";"laurin";6;""
"lbbw";"lbbw";6;""
"least";"least";6;""
"lepetit";"lepet";6;""
"lesieur";"lesieur";6;""
"libye";"liby";6;""
"lijuan";"lijuan";6;""
"lme";"lme";6;""
"louverné";"louvern";6;""
"louwagie";"louwag";6;""
"lse";"lse";6;""
"madagascar";"madagascar";6;""
"madelin";"madelin";6;""
"mahfouz";"mahfouz";6;""
"majorés";"major";6;""
"mankiw";"mankiw";6;""
"marco";"marco";6;""
"mariana";"marian";6;""
"mariault";"mariault";6;""
"maurepas";"maurep";6;""
"mauroy";"mauroy";6;""
"mégawatt";"mégawatt";6;""
"meilleursagents";"meilleursagent";6;""
"mercato";"mercato";6;""
"mervyn";"mervyn";6;""
"mesnil";"mesnil";6;""
"messi";"mess";6;""
"métavers";"métaver";6;""
"metro";"metro";6;""
"meuros";"meuros";6;""
"mickaël";"mickaël";6;""
"miguel";"miguel";6;""
"milka";"milk";6;""
"minorer";"minor";6;""
"mnhausse";"mnhauss";6;""
"mnmalgré";"mnmalgr";6;""
"mnpour";"mnpour";6;""
"mnzone";"mnzon";6;""
"mobilians";"mobilian";6;""
"modificative";"modif";6;""
"moez";"mo";6;""
"monier";"moni";6;""
"montefiore";"montefior";6;""
"morteau";"morteau";6;""
"mourad";"mourad";6;""
"multilatérale";"multilatéral";6;""
"nawaz";"nawaz";6;""
"nespresso";"nespresso";6;""
"nitrites";"nitrit";6;""
"nutritionnelles";"nutritionnel";6;""
"oetam";"oetam";6;""
"ogm";"ogm";6;""
"omt";"omt";6;""
"oreo";"oreo";6;""
"org";"org";6;""
"orléans";"orléan";6;""
"orpea";"orpe";6;""
"otto";"otto";6;""
"oudéa";"oudé";6;""
"ozkardeskaya";"ozkardeskai";6;""
"pac";"pac";6;""
"palmolive";"palmol";6;""
"pel";"pel";6;""
"pénaliserait";"pénalis";6;""
"penchinat";"penchinat";6;""
"personal";"personal";6;""
"pfu";"pfu";6;""
"philadelphie";"philadelph";6;""
"players";"player";6;""
"pleurtuit";"pleurtuit";6;""
"podemos";"podemos";6;""
"pöhl";"pöhl";6;""
"positionnés";"position";6;""
"prégnant";"pregn";6;""
"private";"privat";6;""
"pt";"pt";6;""
"puget";"puget";6;""
"puteaux";"puteau";6;""
"qua";"qua";6;""
"quiberon";"quiberon";6;""
"quoiqu";"quoiqu";6;""
"rba";"rba";6;""
"reconnait";"recon";6;""
"refashion";"refashion";6;""
"refondation";"refond";6;""
"reims";"reim";6;""
"résilients";"résilient";6;""
"retiers";"reti";6;""
"revalorisant";"revaloris";6;""
"revolving";"revolving";6;""
"rmt";"rmt";6;""
"rogoff";"rogoff";6;""
"roosevelt";"roosevelt";6;""
"rotterdam";"rotterdam";6;""
"rubeela";"rubeel";6;""
"ruffin";"ruffin";6;""
"ryan";"ryan";6;""
"saïd";"saïd";6;""
"sainsbury";"sainsbury";6;""
"salariées";"salari";6;""
"salmon";"salmon";6;""
"salvetat";"salvetat";6;""
"samu";"samu";6;""
"savm";"savm";6;""
"saxe";"sax";6;""
"schumer";"schum";6;""
"schwartz";"schwartz";6;""
"scor";"scor";6;""
"sdi";"sdi";6;""
"sébastian";"sébastian";6;""
"sectorielle";"sectoriel";6;""
"sg";"sg";6;""
"shein";"shein";6;""
"skiables";"skiabl";6;""
"society";"society";6;""
"solderies";"solder";6;""
"sos";"sos";6;""
"sosh";"sosh";6;""
"sovereign";"sovereign";6;""
"sterdyniak";"sterdyniak";6;""
"stmicroelectronics";"stmicroelectronic";6;""
"supercycle";"supercycl";6;""
"surreprésentées";"surreprésent";6;""
"sweet";"sweet";6;""
"swissquote";"swissquot";6;""
"sydev";"sydev";6;""
"systémiques";"system";6;""
"takes";"tak";6;""
"tarnais";"tarn";6;""
"télétravailler";"télétravaill";6;""
"tennessee";"tennesse";6;""
"thévenot";"thévenot";6;""
"thiellay";"thiellay";6;""
"tiendeo";"tiendeo";6;""
"tiffany";"tiffany";6;""
"tirole";"tirol";6;""
"tmi";"tmi";6;""
"torrollion";"torrollion";6;""
"totalénergies";"totalénerg";6;""
"toullec";"toullec";6;""
"tournefeuille";"tournefeuill";6;""
"uruguayens";"uruguayen";6;""
"vélib";"vélib";6;""
"verzeletti";"verzelet";6;""
"vidéoprotection";"vidéoprotect";6;""
"vince";"vinc";6;""
"vincendeau";"vincendeau";6;""
"vratsa";"vrats";6;""
"west";"west";6;""
"whatever";"whatev";6;""
"wolf";"wolf";6;""
"woods";"wood";6;""
"wtw";"wtw";6;""
"wunsch";"wunsch";6;""
"xii";"xii";6;""
"xiv";"xiv";6;""
"xl";"xl";6;""
"xxie";"xxi";6;""
"zac";"zac";6;""
